archivo,id_interaccion,agente,fecha,duracion_seg,primer_plan,planes_ofrecidos,cantidad_planes,ofrece_fibra
amza10_1_260209105133829_ACD_95297_mejorado.json,amza10_1_260209105133829_ACD_95297_mejorado.json,amza10,09/02,64.55,,,0,False
amza10_1_260209110029662_ACD_24147_mejorado.json,amza10_1_260209110029662_ACD_24147_mejorado.json,amza10,09/02,72.56,,,0,False
amza10_1_260209111018245_ACD_60737_mejorado.json,amza10_1_260209111018245_ACD_60737_mejorado.json,amza10,09/02,129.58,,,0,False
amza10_1_260209112957312_ACD_27729_mejorado.json,amza10_1_260209112957312_ACD_27729_mejorado.json,amza10,09/02,101.3,,,0,False
amza10_1_260209113521298_ACD_45825_mejorado.json,amza10_1_260209113521298_ACD_45825_mejorado.json,amza10,09/02,142.59,,,0,False
amza10_1_260209114029753_ACD_62441_mejorado.json,amza10_1_260209114029753_ACD_62441_mejorado.json,amza10,09/02,62.66,,,0,False
amza10_1_260209114213188_ACD_67781_mejorado.json,amza10_1_260209114213188_ACD_67781_mejorado.json,amza10,09/02,123.9,,,0,True
amza10_1_260209115515823_ACD_03355_mejorado.json,amza10_1_260209115515823_ACD_03355_mejorado.json,amza10,09/02,110.43,,,0,False
amza10_1_260209125325009_ACD_05515_mejorado.json,amza10_1_260209125325009_ACD_05515_mejorado.json,amza10,09/02,78.52,8gb,8gb,1,False
amza10_1_260209132017054_ACD_89197_mejorado.json,amza10_1_260209132017054_ACD_89197_mejorado.json,amza10,09/02,61.09,,,0,False
amza10_1_260209134649315_ACD_67447_mejorado.json,amza10_1_260209134649315_ACD_67447_mejorado.json,amza10,09/02,89.37,,,0,False
amza10_1_260209141506726_ACD_60629_mejorado.json,amza10_1_260209141506726_ACD_60629_mejorado.json,amza10,09/02,82.64,,,0,False
amza10_1_260209141842944_ACD_71037_mejorado.json,amza10_1_260209141842944_ACD_71037_mejorado.json,amza10,09/02,123.76,8gb,8gb,1,False
amza10_1_260209142248895_MIT_01986_mejorado.json,amza10_1_260209142248895_MIT_01986_mejorado.json,amza10,09/02,505.0,8gb,8gb,1,False
amza10_1_260209150138296_ACD_87081_mejorado.json,amza10_1_260209150138296_ACD_87081_mejorado.json,amza10,09/02,83.13,,,0,False
amza10_1_260210112915080_ACD_69519_mejorado.json,amza10_1_260210112915080_ACD_69519_mejorado.json,amza10,10/02,71.67,15gb,15gb,1,False
amza10_1_260210114653207_MIT_01978_mejorado.json,amza10_1_260210114653207_MIT_01978_mejorado.json,amza10,10/02,131.25,,,0,False
amza10_1_260210120458154_ACD_53441_mejorado.json,amza10_1_260210120458154_ACD_53441_mejorado.json,amza10,10/02,178.18,15gb,15gb,1,True
amza10_1_260210121326897_ACD_71589_mejorado.json,amza10_1_260210121326897_ACD_71589_mejorado.json,amza10,10/02,133.03,15gb,15gb,1,False
amza10_1_260210134404124_ACD_61095_mejorado.json,amza10_1_260210134404124_ACD_61095_mejorado.json,amza10,10/02,204.9,,,0,False
amza10_1_260210144814705_ACD_34361_mejorado.json,amza10_1_260210144814705_ACD_34361_mejorado.json,amza10,10/02,113.32,15gb,15gb,1,False
amza10_1_260210180738611_ACD_16049_mejorado.json,amza10_1_260210180738611_ACD_16049_mejorado.json,amza10,10/02,75.28,,,0,False
amza10_1_260210185811478_ACD_70637_mejorado.json,amza10_1_260210185811478_ACD_70637_mejorado.json,amza10,10/02,63.4,,,0,False
amza10_1_260211111514304_ACD_93277_mejorado.json,amza10_1_260211111514304_ACD_93277_mejorado.json,amza10,11/02,116.39,8gb,8gb,1,False
amza10_1_260211112442550_ACD_24481_mejorado.json,amza10_1_260211112442550_ACD_24481_mejorado.json,amza10,11/02,297.0,15gb,15gb,1,False
amza10_1_260211114823065_ACD_93279_mejorado.json,amza10_1_260211114823065_ACD_93279_mejorado.json,amza10,11/02,62.32,,,0,False
amza10_1_260211124546229_ACD_96037_mejorado.json,amza10_1_260211124546229_ACD_96037_mejorado.json,amza10,11/02,74.42,,,0,False
amza10_1_260211125256196_ACD_15597_mejorado.json,amza10_1_260211125256196_ACD_15597_mejorado.json,amza10,11/02,169.0,,,0,False
amza10_1_260211125619328_ACD_24175_mejorado.json,amza10_1_260211125619328_ACD_24175_mejorado.json,amza10,11/02,62.07,,,0,False
amza10_1_260211140318727_ACD_22273_mejorado.json,amza10_1_260211140318727_ACD_22273_mejorado.json,amza10,11/02,80.28,,,0,False
amza10_1_260211140929851_ACD_41141_mejorado.json,amza10_1_260211140929851_ACD_41141_mejorado.json,amza10,11/02,65.78,,,0,False
amza10_1_260211141803590_ACD_66919_mejorado.json,amza10_1_260211141803590_ACD_66919_mejorado.json,amza10,11/02,246.19,,,0,False
amza10_1_260211143044969_MIT_01976_mejorado.json,amza10_1_260211143044969_MIT_01976_mejorado.json,amza10,11/02,142.97,,,0,True
amza10_1_260211144215790_ACD_36303_mejorado.json,amza10_1_260211144215790_ACD_36303_mejorado.json,amza10,11/02,119.2,,,0,False
amza10_1_260211162540899_ACD_60179_mejorado.json,amza10_1_260211162540899_ACD_60179_mejorado.json,amza10,11/02,72.34,,,0,False
amza10_1_260211165006925_ACD_86993_mejorado.json,amza10_1_260211165006925_ACD_86993_mejorado.json,amza10,11/02,149.63,15gb,15gb,1,False
amza10_1_260211165834088_ACD_96969_mejorado.json,amza10_1_260211165834088_ACD_96969_mejorado.json,amza10,11/02,128.94,,,0,False
amza10_1_260211184258811_ACD_94929_mejorado.json,amza10_1_260211184258811_ACD_94929_mejorado.json,amza10,11/02,174.84,,,0,False
amza10_1_260211184648452_ACD_98503_mejorado.json,amza10_1_260211184648452_ACD_98503_mejorado.json,amza10,11/02,62.91,,,0,False
amza10_1_260212102425336_ACD_48947_mejorado.json,amza10_1_260212102425336_ACD_48947_mejorado.json,amza10,12/02,136.84,,,0,False
amza10_1_260212103449047_MIT_01982_mejorado.json,amza10_1_260212103449047_MIT_01982_mejorado.json,amza10,12/02,162.0,,,0,False
amza10_1_260212105109981_ACD_32869_mejorado.json,amza10_1_260212105109981_ACD_32869_mejorado.json,amza10,12/02,72.68,,,0,False
amza10_1_260212105311576_ACD_40257_mejorado.json,amza10_1_260212105311576_ACD_40257_mejorado.json,amza10,12/02,64.78,,,0,False
amza10_1_260212105659662_ACD_52097_mejorado.json,amza10_1_260212105659662_ACD_52097_mejorado.json,amza10,12/02,118.03,,,0,False
amza10_1_260212120323491_ACD_72707_mejorado.json,amza10_1_260212120323491_ACD_72707_mejorado.json,amza10,12/02,93.71,,,0,False
amza10_1_260212125153183_ACD_64439_mejorado.json,amza10_1_260212125153183_ACD_64439_mejorado.json,amza10,12/02,129.5,,,0,False
amza10_1_260212125441544_ACD_75071_mejorado.json,amza10_1_260212125441544_ACD_75071_mejorado.json,amza10,12/02,65.02,8gb,8gb,1,False
amza10_1_260212130329481_ACD_08299_mejorado.json,amza10_1_260212130329481_ACD_08299_mejorado.json,amza10,12/02,155.74,,,0,False
amza10_1_260212133330704_MIT_01992_mejorado.json,amza10_1_260212133330704_MIT_01992_mejorado.json,amza10,12/02,211.02,8gb,"8gb, 4gb",2,False
amza10_1_260212134313306_ACD_60591_mejorado.json,amza10_1_260212134313306_ACD_60591_mejorado.json,amza10,12/02,227.26,,,0,True
amza10_1_260212135601460_ACD_09191_mejorado.json,amza10_1_260212135601460_ACD_09191_mejorado.json,amza10,12/02,73.68,,,0,False
amza10_1_260212135810903_ACD_18009_mejorado.json,amza10_1_260212135810903_ACD_18009_mejorado.json,amza10,12/02,222.38,,,0,True
amza10_1_260212140412310_ACD_37961_mejorado.json,amza10_1_260212140412310_ACD_37961_mejorado.json,amza10,12/02,118.82,,,0,False
amza10_1_260212140700533_ACD_47343_mejorado.json,amza10_1_260212140700533_ACD_47343_mejorado.json,amza10,12/02,127.71,,,0,False
amza10_1_260212141542724_ACD_78915_mejorado.json,amza10_1_260212141542724_ACD_78915_mejorado.json,amza10,12/02,86.92,,,0,False
amza10_1_260212141858782_ACD_87215_mejorado.json,amza10_1_260212141858782_ACD_87215_mejorado.json,amza10,12/02,102.26,8gb,8gb,1,False
amza10_1_260212144416915_ACD_68019_mejorado.json,amza10_1_260212144416915_ACD_68019_mejorado.json,amza10,12/02,94.84,,,0,False
amza10_1_260212163650558_ACD_00755_mejorado.json,amza10_1_260212163650558_ACD_00755_mejorado.json,amza10,12/02,151.71,,,0,False
amza10_1_260212165356419_ACD_24733_mejorado.json,amza10_1_260212165356419_ACD_24733_mejorado.json,amza10,12/02,68.23,,,0,False
amza10_1_260212170111984_ACD_33517_mejorado.json,amza10_1_260212170111984_ACD_33517_mejorado.json,amza10,12/02,80.36,,,0,False
amza10_1_260212170340575_ACD_35149_mejorado.json,amza10_1_260212170340575_ACD_35149_mejorado.json,amza10,12/02,380.35,8gb,"8gb, 15gb",2,False
amza10_1_260212172047827_ACD_41119_mejorado.json,amza10_1_260212172047827_ACD_41119_mejorado.json,amza10,12/02,311.82,,,0,False
amza10_1_260212172917715_ACD_45279_mejorado.json,amza10_1_260212172917715_ACD_45279_mejorado.json,amza10,12/02,103.44,8gb,8gb,1,False
amza10_1_260212173523962_ACD_49619_mejorado.json,amza10_1_260212173523962_ACD_49619_mejorado.json,amza10,12/02,444.1,4gb,4gb,1,False
amza10_1_260213102543568_ACD_81651_mejorado.json,amza10_1_260213102543568_ACD_81651_mejorado.json,amza10,13/02,298.6,8gb,8gb,1,False
amza10_1_260213103813420_MIT_01953_mejorado.json,amza10_1_260213103813420_MIT_01953_mejorado.json,amza10,13/02,476.48,,,0,False
amza10_1_260213104746183_ACD_58203_mejorado.json,amza10_1_260213104746183_ACD_58203_mejorado.json,amza10,13/02,145.12,,,0,False
amza10_1_260213113044723_ACD_03841_mejorado.json,amza10_1_260213113044723_ACD_03841_mejorado.json,amza10,13/02,108.86,,,0,True
amza10_1_260213113552461_ACD_20721_mejorado.json,amza10_1_260213113552461_ACD_20721_mejorado.json,amza10,13/02,71.99,,,0,False
amza10_1_260213113750959_ACD_27295_mejorado.json,amza10_1_260213113750959_ACD_27295_mejorado.json,amza10,13/02,135.79,,,0,False
amza10_1_260213114551076_MIT_01975_mejorado.json,amza10_1_260213114551076_MIT_01975_mejorado.json,amza10,13/02,82.77,,,0,False
amza10_1_260213114743642_ACD_57709_mejorado.json,amza10_1_260213114743642_ACD_57709_mejorado.json,amza10,13/02,275.37,8gb,8gb,1,False
amza10_1_260213120122726_ACD_93315_mejorado.json,amza10_1_260213120122726_ACD_93315_mejorado.json,amza10,13/02,67.69,,,0,False
amza10_1_260213120613068_ACD_04501_mejorado.json,amza10_1_260213120613068_ACD_04501_mejorado.json,amza10,13/02,88.76,,,0,False
amza10_1_260213121234659_ACD_18823_mejorado.json,amza10_1_260213121234659_ACD_18823_mejorado.json,amza10,13/02,89.34,,,0,False
amza10_1_260213121710904_ACD_31107_mejorado.json,amza10_1_260213121710904_ACD_31107_mejorado.json,amza10,13/02,91.21,8gb,8gb,1,False
amza10_1_260213125216178_ACD_78159_mejorado.json,amza10_1_260213125216178_ACD_78159_mejorado.json,amza10,13/02,209.03,8gb,8gb,1,True
amza10_1_260213125658241_ACD_91905_mejorado.json,amza10_1_260213125658241_ACD_91905_mejorado.json,amza10,13/02,90.99,,,0,False
amza10_1_260213125915259_ACD_99203_mejorado.json,amza10_1_260213125915259_ACD_99203_mejorado.json,amza10,13/02,73.22,,,0,False
amza10_1_260213131018119_ACD_33071_mejorado.json,amza10_1_260213131018119_ACD_33071_mejorado.json,amza10,13/02,131.62,,,0,False
amza10_1_260213132349021_ACD_81887_mejorado.json,amza10_1_260213132349021_ACD_81887_mejorado.json,amza10,13/02,70.99,,,0,False
amza10_1_260213141748944_ACD_71367_mejorado.json,amza10_1_260213141748944_ACD_71367_mejorado.json,amza10,13/02,88.39,,,0,False
amza10_1_260213143346130_ACD_16629_mejorado.json,amza10_1_260213143346130_ACD_16629_mejorado.json,amza10,13/02,68.28,,,0,False
amza10_1_260213145508509_ACD_77515_mejorado.json,amza10_1_260213145508509_ACD_77515_mejorado.json,amza10,13/02,128.64,,,0,False
amza12_1_260209101837638_ACD_82467_mejorado.json,amza12_1_260209101837638_ACD_82467_mejorado.json,amza12,09/02,65.61,,,0,True
amza12_1_260209102547847_ACD_07843_mejorado.json,amza12_1_260209102547847_ACD_07843_mejorado.json,amza12,09/02,63.45,,,0,False
amza12_1_260209104633575_ACD_78733_mejorado.json,amza12_1_260209104633575_ACD_78733_mejorado.json,amza12,09/02,66.49,,,0,False
amza12_1_260209104821076_ACD_84463_mejorado.json,amza12_1_260209104821076_ACD_84463_mejorado.json,amza12,09/02,263.82,4gb,4gb,1,False
amza12_1_260209111127488_ACD_65139_mejorado.json,amza12_1_260209111127488_ACD_65139_mejorado.json,amza12,09/02,115.49,,,0,False
amza12_1_260209113230387_ACD_35791_mejorado.json,amza12_1_260209113230387_ACD_35791_mejorado.json,amza12,09/02,63.3,,,0,True
amza12_1_260209113637726_ACD_50099_mejorado.json,amza12_1_260209113637726_ACD_50099_mejorado.json,amza12,09/02,91.38,,,0,False
amza12_1_260209114218210_ACD_68211_mejorado.json,amza12_1_260209114218210_ACD_68211_mejorado.json,amza12,09/02,88.21,,,0,True
amza12_1_260209114738222_ACD_84513_mejorado.json,amza12_1_260209114738222_ACD_84513_mejorado.json,amza12,09/02,98.95,,,0,False
amza12_1_260209115510650_MIT_01989_mejorado.json,amza12_1_260209115510650_MIT_01989_mejorado.json,amza12,09/02,38.7,,,0,False
amza12_1_260209121329235_ACD_45683_mejorado.json,amza12_1_260209121329235_ACD_45683_mejorado.json,amza12,09/02,105.91,,,0,False
amza12_1_260209140608468_ACD_28481_mejorado.json,amza12_1_260209140608468_ACD_28481_mejorado.json,amza12,09/02,64.58,,,0,False
amza12_1_260209143926072_ACD_27301_mejorado.json,amza12_1_260209143926072_ACD_27301_mejorado.json,amza12,09/02,63.08,,,0,False
amza12_1_260210103852668_ACD_07687_mejorado.json,amza12_1_260210103852668_ACD_07687_mejorado.json,amza12,10/02,63.2,,,0,True
amza12_1_260210104311518_ACD_21959_mejorado.json,amza12_1_260210104311518_ACD_21959_mejorado.json,amza12,10/02,122.97,,,0,False
amza12_1_260210113015394_ACD_72289_mejorado.json,amza12_1_260210113015394_ACD_72289_mejorado.json,amza12,10/02,96.58,,,0,False
amza12_1_260210113630338_ACD_88679_mejorado.json,amza12_1_260210113630338_ACD_88679_mejorado.json,amza12,10/02,63.67,,,0,False
amza12_1_260210114117583_ACD_02185_mejorado.json,amza12_1_260210114117583_ACD_02185_mejorado.json,amza12,10/02,188.59,,,0,False
amza12_1_260210114631162_ACD_17185_mejorado.json,amza12_1_260210114631162_ACD_17185_mejorado.json,amza12,10/02,252.26,15gb,15gb,1,True
amza12_1_260210120624528_ACD_55841_mejorado.json,amza12_1_260210120624528_ACD_55841_mejorado.json,amza12,10/02,163.54,,,0,False
amza12_1_260210124808379_ACD_09703_mejorado.json,amza12_1_260210124808379_ACD_09703_mejorado.json,amza12,10/02,130.97,,,0,True
amza12_1_260210125056177_ACD_15325_mejorado.json,amza12_1_260210125056177_ACD_15325_mejorado.json,amza12,10/02,258.98,15gb,"15gb, 4gb, 8gb",3,True
amza12_1_260210125708649_ACD_31383_mejorado.json,amza12_1_260210125708649_ACD_31383_mejorado.json,amza12,10/02,83.5,,,0,False
amza12_1_260210130142951_ACD_42509_mejorado.json,amza12_1_260210130142951_ACD_42509_mejorado.json,amza12,10/02,110.97,,,0,False
amza12_1_260210132659268_ACD_11333_mejorado.json,amza12_1_260210132659268_ACD_11333_mejorado.json,amza12,10/02,116.15,,,0,False
amza12_1_260210132938819_ACD_18905_mejorado.json,amza12_1_260210132938819_ACD_18905_mejorado.json,amza12,10/02,138.12,,,0,False
amza12_1_260210133311843_ACD_29325_mejorado.json,amza12_1_260210133311843_ACD_29325_mejorado.json,amza12,10/02,80.7,,,0,False
amza12_1_260210134606664_ACD_66243_mejorado.json,amza12_1_260210134606664_ACD_66243_mejorado.json,amza12,10/02,87.9,,,0,True
amza12_1_260210140312639_ACD_15031_mejorado.json,amza12_1_260210140312639_ACD_15031_mejorado.json,amza12,10/02,260.37,,,0,False
amza12_1_260210145838866_ACD_58259_mejorado.json,amza12_1_260210145838866_ACD_58259_mejorado.json,amza12,10/02,83.75,,,0,False
amza12_1_260210175436944_ACD_02425_mejorado.json,amza12_1_260210175436944_ACD_02425_mejorado.json,amza12,10/02,114.8,,,0,False
amza12_1_260211113348725_ACD_50503_mejorado.json,amza12_1_260211113348725_ACD_50503_mejorado.json,amza12,11/02,82.6,,,0,False
amza12_1_260211114915485_ACD_95757_mejorado.json,amza12_1_260211114915485_ACD_95757_mejorado.json,amza12,11/02,64.75,,,0,False
amza12_1_260211120546206_ACD_32839_mejorado.json,amza12_1_260211120546206_ACD_32839_mejorado.json,amza12,11/02,264.11,,,0,False
amza12_1_260211121745202_ACD_61947_mejorado.json,amza12_1_260211121745202_ACD_61947_mejorado.json,amza12,11/02,61.02,,,0,False
amza12_1_260211124525143_ACD_95127_mejorado.json,amza12_1_260211124525143_ACD_95127_mejorado.json,amza12,11/02,143.0,15gb,15gb,1,False
amza12_1_260211130846008_ACD_57823_mejorado.json,amza12_1_260211130846008_ACD_57823_mejorado.json,amza12,11/02,98.03,8gb,"8gb, 15gb",2,False
amza12_1_260211132451339_ACD_04193_mejorado.json,amza12_1_260211132451339_ACD_04193_mejorado.json,amza12,11/02,102.6,15gb,"15gb, 8gb",2,False
amza12_1_260211133823240_ACD_48591_mejorado.json,amza12_1_260211133823240_ACD_48591_mejorado.json,amza12,11/02,152.7,15gb,"15gb, 8gb",2,False
amza12_1_260211134612057_ACD_70703_mejorado.json,amza12_1_260211134612057_ACD_70703_mejorado.json,amza12,11/02,200.36,15gb,15gb,1,True
amza12_1_260211135200858_ACD_87485_mejorado.json,amza12_1_260211135200858_ACD_87485_mejorado.json,amza12,11/02,148.82,,,0,False
amza12_1_260211141556032_ACD_61451_mejorado.json,amza12_1_260211141556032_ACD_61451_mejorado.json,amza12,11/02,60.21,,,0,False
amza12_1_260211141956030_ACD_71917_mejorado.json,amza12_1_260211141956030_ACD_71917_mejorado.json,amza12,11/02,68.51,,,0,True
amza12_1_260211144610926_ACD_49647_mejorado.json,amza12_1_260211144610926_ACD_49647_mejorado.json,amza12,11/02,67.4,,,0,False
amza12_1_260211144926803_ACD_60377_mejorado.json,amza12_1_260211144926803_ACD_60377_mejorado.json,amza12,11/02,80.24,,,0,False
amza12_1_260211145953154_ACD_86791_mejorado.json,amza12_1_260211145953154_ACD_86791_mejorado.json,amza12,11/02,122.41,15gb,15gb,1,False
amza12_1_260211160407824_ACD_35711_mejorado.json,amza12_1_260211160407824_ACD_35711_mejorado.json,amza12,11/02,64.12,,,0,False
amza12_1_260211160551310_ACD_37709_mejorado.json,amza12_1_260211160551310_ACD_37709_mejorado.json,amza12,11/02,143.96,,,0,False
amza12_1_260211162145974_ACD_55989_mejorado.json,amza12_1_260211162145974_ACD_55989_mejorado.json,amza12,11/02,294.81,,,0,False
amza12_1_260211163325858_ACD_68327_mejorado.json,amza12_1_260211163325858_ACD_68327_mejorado.json,amza12,11/02,205.05,15gb,15gb,1,False
amza12_1_260211163855990_ACD_74291_mejorado.json,amza12_1_260211163855990_ACD_74291_mejorado.json,amza12,11/02,106.36,,,0,False
amza12_1_260211175444448_ACD_32883_mejorado.json,amza12_1_260211175444448_ACD_32883_mejorado.json,amza12,11/02,131.93,8gb,8gb,1,False
amza12_1_260211182117968_MIT_01964_mejorado.json,amza12_1_260211182117968_MIT_01964_mejorado.json,amza12,11/02,163.99,,,0,False
amza12_1_260211182956300_ACD_79145_mejorado.json,amza12_1_260211182956300_ACD_79145_mejorado.json,amza12,11/02,68.73,,,0,False
amza12_1_260211183700679_ACD_88221_mejorado.json,amza12_1_260211183700679_ACD_88221_mejorado.json,amza12,11/02,141.95,,,0,False
amza12_1_260211184020328_ACD_92199_mejorado.json,amza12_1_260211184020328_ACD_92199_mejorado.json,amza12,11/02,62.37,,,0,False
amza12_1_260211184223690_ACD_94453_mejorado.json,amza12_1_260211184223690_ACD_94453_mejorado.json,amza12,11/02,96.75,,,0,False
amza12_1_260212102546683_ACD_53233_mejorado.json,amza12_1_260212102546683_ACD_53233_mejorado.json,amza12,12/02,137.38,,,0,False
amza12_1_260212105740800_ACD_54371_mejorado.json,amza12_1_260212105740800_ACD_54371_mejorado.json,amza12,12/02,78.13,,,0,False
amza12_1_260212115507244_ACD_51941_mejorado.json,amza12_1_260212115507244_ACD_51941_mejorado.json,amza12,12/02,74.33,,,0,False
amza12_1_260212115658143_ACD_56863_mejorado.json,amza12_1_260212115658143_ACD_56863_mejorado.json,amza12,12/02,81.93,,,0,True
amza12_1_260212130704926_ACD_21553_mejorado.json,amza12_1_260212130704926_ACD_21553_mejorado.json,amza12,12/02,113.62,4gb,"4gb, 8gb",2,False
amza12_1_260212130937759_ACD_30861_mejorado.json,amza12_1_260212130937759_ACD_30861_mejorado.json,amza12,12/02,148.35,,,0,False
amza12_1_260212131556061_ACD_53865_mejorado.json,amza12_1_260212131556061_ACD_53865_mejorado.json,amza12,12/02,73.24,,,0,False
amza12_1_260212135837962_ACD_19631_mejorado.json,amza12_1_260212135837962_ACD_19631_mejorado.json,amza12,12/02,77.68,,,0,False
amza12_1_260212140101428_ACD_27761_mejorado.json,amza12_1_260212140101428_ACD_27761_mejorado.json,amza12,12/02,63.48,,,0,False
amza12_1_260212141745357_ACD_84027_mejorado.json,amza12_1_260212141745357_ACD_84027_mejorado.json,amza12,12/02,144.37,,,0,False
amza12_1_260212162936271_ACD_91083_mejorado.json,amza12_1_260212162936271_ACD_91083_mejorado.json,amza12,12/02,101.64,4gb,4gb,1,False
amza12_1_260212164612780_ACD_13829_mejorado.json,amza12_1_260212164612780_ACD_13829_mejorado.json,amza12,12/02,86.38,,,0,False
amza12_1_260212165148934_ACD_21819_mejorado.json,amza12_1_260212165148934_ACD_21819_mejorado.json,amza12,12/02,127.2,,,0,False
amza12_1_260212171830585_ACD_40671_mejorado.json,amza12_1_260212171830585_ACD_40671_mejorado.json,amza12,12/02,158.61,,,0,False
amza12_1_260212172519940_ACD_42849_mejorado.json,amza12_1_260212172519940_ACD_42849_mejorado.json,amza12,12/02,90.08,,,0,False
amza12_1_260212172938749_ACD_45489_mejorado.json,amza12_1_260212172938749_ACD_45489_mejorado.json,amza12,12/02,379.96,,,0,False
amza12_1_260212174606158_ACD_59973_mejorado.json,amza12_1_260212174606158_ACD_59973_mejorado.json,amza12,12/02,288.41,,,0,False
amza12_1_260213102909520_ACD_92859_mejorado.json,amza12_1_260213102909520_ACD_92859_mejorado.json,amza12,13/02,82.74,,,0,False
amza12_1_260213112022610_ACD_68501_mejorado.json,amza12_1_260213112022610_ACD_68501_mejorado.json,amza12,13/02,161.88,8gb,8gb,1,False
amza12_1_260213114328216_ACD_44701_mejorado.json,amza12_1_260213114328216_ACD_44701_mejorado.json,amza12,13/02,58.1,,,0,True
amza12_1_260213114531935_ACD_51459_mejorado.json,amza12_1_260213114531935_ACD_51459_mejorado.json,amza12,13/02,202.5,8gb,"8gb, 4gb",2,True
amza12_1_260213115049352_ACD_66311_mejorado.json,amza12_1_260213115049352_ACD_66311_mejorado.json,amza12,13/02,74.69,,,0,False
amza12_1_260213115411159_ACD_76233_mejorado.json,amza12_1_260213115411159_ACD_76233_mejorado.json,amza12,13/02,61.73,,,0,False
amza12_1_260213115650225_ACD_83381_mejorado.json,amza12_1_260213115650225_ACD_83381_mejorado.json,amza12,13/02,190.57,,,0,False
amza12_1_260213120032455_ACD_91849_mejorado.json,amza12_1_260213120032455_ACD_91849_mejorado.json,amza12,13/02,88.04,,,0,False
amza12_1_260213120249061_ACD_95995_mejorado.json,amza12_1_260213120249061_ACD_95995_mejorado.json,amza12,13/02,130.68,,,0,True
amza12_1_260213121325881_ACD_21065_mejorado.json,amza12_1_260213121325881_ACD_21065_mejorado.json,amza12,13/02,106.11,,,0,False
amza12_1_260213121933485_ACD_37441_mejorado.json,amza12_1_260213121933485_ACD_37441_mejorado.json,amza12,13/02,97.57,,,0,False
amza12_1_260213124502979_ACD_62095_mejorado.json,amza12_1_260213124502979_ACD_62095_mejorado.json,amza12,13/02,130.21,,,0,False
amza12_1_260213132631531_ACD_91671_mejorado.json,amza12_1_260213132631531_ACD_91671_mejorado.json,amza12,13/02,163.37,4gb,4gb,1,False
amza12_1_260213134711881_ACD_62675_mejorado.json,amza12_1_260213134711881_ACD_62675_mejorado.json,amza12,13/02,272.53,8gb,"8gb, 4gb",2,False
amza12_1_260213140149052_ACD_17059_mejorado.json,amza12_1_260213140149052_ACD_17059_mejorado.json,amza12,13/02,122.06,,,0,False
amza12_1_260213141504956_ACD_62701_mejorado.json,amza12_1_260213141504956_ACD_62701_mejorado.json,amza12,13/02,72.97,,,0,False
amza12_1_260213143012361_ACD_06795_mejorado.json,amza12_1_260213143012361_ACD_06795_mejorado.json,amza12,13/02,67.96,,,0,False
amza12_1_260213143930913_ACD_32889_mejorado.json,amza12_1_260213143930913_ACD_32889_mejorado.json,amza12,13/02,93.76,,,0,False
amza12_1_260213144737079_ACD_57833_mejorado.json,amza12_1_260213144737079_ACD_57833_mejorado.json,amza12,13/02,89.56,4gb,4gb,1,False
amza12_2_260210115515587_ACD_35595_mejorado.json,amza12_2_260210115515587_ACD_35595_mejorado.json,amza12,10/02,79.87,,,0,False
amza12_2_260213105223150_ACD_72687_mejorado.json,amza12_2_260213105223150_ACD_72687_mejorado.json,amza12,13/02,155.08,,,0,False
amza1_1_260209101509454_ACD_70307_mejorado.json,amza1_1_260209101509454_ACD_70307_mejorado.json,amza1,09/02,348.22,,,0,False
amza1_1_260209104658678_ACD_80113_mejorado.json,amza1_1_260209104658678_ACD_80113_mejorado.json,amza1,09/02,137.04,,,0,False
amza1_1_260209111558234_ACD_81943_mejorado.json,amza1_1_260209111558234_ACD_81943_mejorado.json,amza1,09/02,232.49,4gb,"4gb, 8gb",2,False
amza1_1_260209112101567_ACD_98377_mejorado.json,amza1_1_260209112101567_ACD_98377_mejorado.json,amza1,09/02,86.42,,,0,True
amza1_1_260209114318491_ACD_71699_mejorado.json,amza1_1_260209114318491_ACD_71699_mejorado.json,amza1,09/02,478.57,8gb,"8gb, 4gb",2,True
amza1_1_260209120156479_ACD_18911_mejorado.json,amza1_1_260209120156479_ACD_18911_mejorado.json,amza1,09/02,83.72,,,0,False
amza1_1_260209120813475_ACD_33997_mejorado.json,amza1_1_260209120813475_ACD_33997_mejorado.json,amza1,09/02,65.42,,,0,False
amza1_1_260209124803513_ACD_91569_mejorado.json,amza1_1_260209124803513_ACD_91569_mejorado.json,amza1,09/02,192.19,,,0,False
amza1_1_260209132832607_ACD_16065_mejorado.json,amza1_1_260209132832607_ACD_16065_mejorado.json,amza1,09/02,376.48,,,0,False
amza1_1_260210172925923_ACD_79385_mejorado.json,amza1_1_260210172925923_ACD_79385_mejorado.json,amza1,10/02,154.02,,,0,True
amza1_1_260210174853180_ACD_97345_mejorado.json,amza1_1_260210174853180_ACD_97345_mejorado.json,amza1,10/02,62.96,,,0,False
amza1_1_260210175142686_ACD_99739_mejorado.json,amza1_1_260210175142686_ACD_99739_mejorado.json,amza1,10/02,119.63,,,0,False
amza1_1_260210185946565_ACD_72287_mejorado.json,amza1_1_260210185946565_ACD_72287_mejorado.json,amza1,10/02,129.62,8gb,8gb,1,False
amza1_1_260211110604754_ACD_63367_mejorado.json,amza1_1_260211110604754_ACD_63367_mejorado.json,amza1,11/02,107.63,,,0,False
amza1_1_260211112326301_ACD_21319_mejorado.json,amza1_1_260211112326301_ACD_21319_mejorado.json,amza1,11/02,218.46,15gb,"15gb, 4gb",2,False
amza1_1_260211112831235_ACD_34757_mejorado.json,amza1_1_260211112831235_ACD_34757_mejorado.json,amza1,11/02,307.82,15gb,15gb,1,False
amza1_1_260211114342317_ACD_79951_mejorado.json,amza1_1_260211114342317_ACD_79951_mejorado.json,amza1,11/02,316.69,15gb,15gb,1,False
amza1_1_260211120909582_ACD_40035_mejorado.json,amza1_1_260211120909582_ACD_40035_mejorado.json,amza1,11/02,244.08,8gb,"8gb, 4gb",2,False
amza1_1_260211124702814_ACD_98973_mejorado.json,amza1_1_260211124702814_ACD_98973_mejorado.json,amza1,11/02,137.19,,,0,False
amza1_1_260211131636776_ACD_77791_mejorado.json,amza1_1_260211131636776_ACD_77791_mejorado.json,amza1,11/02,78.0,,,0,False
amza1_1_260211144119474_ACD_33067_mejorado.json,amza1_1_260211144119474_ACD_33067_mejorado.json,amza1,11/02,80.0,,,0,False
amza1_1_260211160908642_ACD_42189_mejorado.json,amza1_1_260211160908642_ACD_42189_mejorado.json,amza1,11/02,183.38,15gb,15gb,1,False
amza1_1_260211163025452_ACD_65063_mejorado.json,amza1_1_260211163025452_ACD_65063_mejorado.json,amza1,11/02,231.07,15gb,15gb,1,False
amza1_1_260211163718456_ACD_72365_mejorado.json,amza1_1_260211163718456_ACD_72365_mejorado.json,amza1,11/02,59.27,,,0,False
amza1_1_260211164115293_ACD_76961_mejorado.json,amza1_1_260211164115293_ACD_76961_mejorado.json,amza1,11/02,112.39,,,0,False
amza1_1_260211164941750_ACD_86493_mejorado.json,amza1_1_260211164941750_ACD_86493_mejorado.json,amza1,11/02,63.43,,,0,False
amza1_1_260211165149372_ACD_89191_mejorado.json,amza1_1_260211165149372_ACD_89191_mejorado.json,amza1,11/02,184.43,,,0,False
amza1_1_260211180257036_ACD_43747_mejorado.json,amza1_1_260211180257036_ACD_43747_mejorado.json,amza1,11/02,87.48,8gb,8gb,1,False
amza1_1_260211184030399_ACD_92381_mejorado.json,amza1_1_260211184030399_ACD_92381_mejorado.json,amza1,11/02,78.82,4gb,4gb,1,False
amza1_1_260211185201898_ACD_03465_mejorado.json,amza1_1_260211185201898_ACD_03465_mejorado.json,amza1,11/02,65.37,,,0,False
amza1_1_260212101258710_ACD_11113_mejorado.json,amza1_1_260212101258710_ACD_11113_mejorado.json,amza1,12/02,167.49,4gb,"4gb, 8gb",2,False
amza1_1_260212101937459_ACD_33109_mejorado.json,amza1_1_260212101937459_ACD_33109_mejorado.json,amza1,12/02,166.66,4gb,"4gb, 8gb",2,False
amza1_1_260212103128721_ACD_70893_mejorado.json,amza1_1_260212103128721_ACD_70893_mejorado.json,amza1,12/02,89.2,,,0,False
amza1_1_260212105119989_ACD_33659_mejorado.json,amza1_1_260212105119989_ACD_33659_mejorado.json,amza1,12/02,144.55,4gb,"4gb, 8gb",2,False
amza1_1_260212105608290_ACD_49593_mejorado.json,amza1_1_260212105608290_ACD_49593_mejorado.json,amza1,12/02,79.36,,,0,False
amza1_1_260212110139412_ACD_67157_mejorado.json,amza1_1_260212110139412_ACD_67157_mejorado.json,amza1,12/02,292.33,4gb,"4gb, 8gb, 15gb",3,False
amza1_1_260212111245333_ACD_01655_mejorado.json,amza1_1_260212111245333_ACD_01655_mejorado.json,amza1,12/02,94.55,,,0,False
amza1_1_260212120619037_ACD_79331_mejorado.json,amza1_1_260212120619037_ACD_79331_mejorado.json,amza1,12/02,70.45,,,0,False
amza1_1_260212120951900_ACD_87033_mejorado.json,amza1_1_260212120951900_ACD_87033_mejorado.json,amza1,12/02,63.96,,,0,False
amza1_1_260212121259087_ACD_94201_mejorado.json,amza1_1_260212121259087_ACD_94201_mejorado.json,amza1,12/02,62.3,,,0,False
amza1_1_260212130404717_ACD_10735_mejorado.json,amza1_1_260212130404717_ACD_10735_mejorado.json,amza1,12/02,65.49,,,0,False
amza1_1_260212130608430_ACD_17771_mejorado.json,amza1_1_260212130608430_ACD_17771_mejorado.json,amza1,12/02,114.46,,,0,False
amza1_1_260212134731499_ACD_75031_mejorado.json,amza1_1_260212134731499_ACD_75031_mejorado.json,amza1,12/02,106.38,,,0,False
amza1_1_260212145836625_ACD_14143_mejorado.json,amza1_1_260212145836625_ACD_14143_mejorado.json,amza1,12/02,100.09,,,0,False
amza1_1_260212163522428_ACD_98595_mejorado.json,amza1_1_260212163522428_ACD_98595_mejorado.json,amza1,12/02,85.32,,,0,False
amza1_1_260212165107819_ACD_20943_mejorado.json,amza1_1_260212165107819_ACD_20943_mejorado.json,amza1,12/02,284.58,8gb,"8gb, 15gb",2,False
amza1_1_260212165756202_ACD_29913_mejorado.json,amza1_1_260212165756202_ACD_29913_mejorado.json,amza1,12/02,99.22,,,0,False
amza1_1_260212170006623_ACD_32705_mejorado.json,amza1_1_260212170006623_ACD_32705_mejorado.json,amza1,12/02,119.76,8gb,8gb,1,False
amza1_1_260212170335538_ACD_35097_mejorado.json,amza1_1_260212170335538_ACD_35097_mejorado.json,amza1,12/02,81.39,,,0,False
amza1_1_260212172047827_ACD_41139_mejorado.json,amza1_1_260212172047827_ACD_41139_mejorado.json,amza1,12/02,92.51,4gb,4gb,1,False
amza1_1_260213105044808_ACD_67911_mejorado.json,amza1_1_260213105044808_ACD_67911_mejorado.json,amza1,13/02,145.6,8gb,8gb,1,False
amza1_1_260213105501570_ACD_80367_mejorado.json,amza1_1_260213105501570_ACD_80367_mejorado.json,amza1,13/02,218.28,,,0,False
amza1_1_260213105923284_ACD_94021_mejorado.json,amza1_1_260213105923284_ACD_94021_mejorado.json,amza1,13/02,78.54,,,0,False
amza1_1_260213110800526_ACD_22285_mejorado.json,amza1_1_260213110800526_ACD_22285_mejorado.json,amza1,13/02,267.5,4gb,4gb,1,False
amza1_1_260213111500332_ACD_47139_mejorado.json,amza1_1_260213111500332_ACD_47139_mejorado.json,amza1,13/02,72.83,,,0,False
amza1_1_260213113146184_ACD_07125_mejorado.json,amza1_1_260213113146184_ACD_07125_mejorado.json,amza1,13/02,136.54,,,0,False
amza1_1_260213114226794_ACD_41383_mejorado.json,amza1_1_260213114226794_ACD_41383_mejorado.json,amza1,13/02,110.18,4gb,"4gb, 8gb",2,False
amza1_1_260213121016024_ACD_13649_mejorado.json,amza1_1_260213121016024_ACD_13649_mejorado.json,amza1,13/02,97.1,,,0,False
amza1_1_260213125322490_ACD_80825_mejorado.json,amza1_1_260213125322490_ACD_80825_mejorado.json,amza1,13/02,168.04,,,0,False
amza1_1_260213132703532_ACD_93541_mejorado.json,amza1_1_260213132703532_ACD_93541_mejorado.json,amza1,13/02,366.32,,,0,False
amza1_1_260213133350235_ACD_15463_mejorado.json,amza1_1_260213133350235_ACD_15463_mejorado.json,amza1,13/02,82.13,,,0,False
amza1_1_260213134940634_ACD_72371_mejorado.json,amza1_1_260213134940634_ACD_72371_mejorado.json,amza1,13/02,272.08,,,0,False
amza1_1_260213135613891_ACD_96193_mejorado.json,amza1_1_260213135613891_ACD_96193_mejorado.json,amza1,13/02,158.91,,,0,False
amza1_1_260213142316561_ACD_87943_mejorado.json,amza1_1_260213142316561_ACD_87943_mejorado.json,amza1,13/02,76.68,,,0,False
amza1_1_260213145331078_ACD_73631_mejorado.json,amza1_1_260213145331078_ACD_73631_mejorado.json,amza1,13/02,70.86,,,0,False
amza1_1_260213145649127_ACD_81399_mejorado.json,amza1_1_260213145649127_ACD_81399_mejorado.json,amza1,13/02,128.13,,,0,False
amza1_2_260209124803513_ACD_91569_mejorado.json,amza1_2_260209124803513_ACD_91569_mejorado.json,amza1,09/02,173.71,,,0,False
amza2_1_260209110315607_ACD_33247_mejorado.json,amza2_1_260209110315607_ACD_33247_mejorado.json,amza2,09/02,165.56,,,0,False
amza2_1_260209112410868_ACD_08751_mejorado.json,amza2_1_260209112410868_ACD_08751_mejorado.json,amza2,09/02,374.52,,,0,True
amza2_1_260209115137531_ACD_94423_mejorado.json,amza2_1_260209115137531_ACD_94423_mejorado.json,amza2,09/02,194.47,8gb,8gb,1,False
amza2_1_260209121304106_ACD_44371_mejorado.json,amza2_1_260209121304106_ACD_44371_mejorado.json,amza2,09/02,73.91,,,0,False
amza2_1_260209121525831_ACD_50911_mejorado.json,amza2_1_260209121525831_ACD_50911_mejorado.json,amza2,09/02,67.86,,,0,False
amza2_1_260209134917821_ACD_74215_mejorado.json,amza2_1_260209134917821_ACD_74215_mejorado.json,amza2,09/02,90.55,,,0,False
amza2_1_260209142627593_ACD_92431_mejorado.json,amza2_1_260209142627593_ACD_92431_mejorado.json,amza2,09/02,86.11,,,0,False
amza2_1_260209143254284_ACD_10711_mejorado.json,amza2_1_260209143254284_ACD_10711_mejorado.json,amza2,09/02,104.08,,,0,False
amza2_1_260210110051652_ACD_80071_mejorado.json,amza2_1_260210110051652_ACD_80071_mejorado.json,amza2,10/02,188.76,,,0,False
amza2_1_260210110451946_ACD_93589_mejorado.json,amza2_1_260210110451946_ACD_93589_mejorado.json,amza2,10/02,124.0,,,0,True
amza2_1_260210114137721_ACD_03197_mejorado.json,amza2_1_260210114137721_ACD_03197_mejorado.json,amza2,10/02,144.3,,,0,False
amza2_1_260210124833497_ACD_10449_mejorado.json,amza2_1_260210124833497_ACD_10449_mejorado.json,amza2,10/02,61.76,,,0,False
amza2_1_260210125708649_ACD_31327_mejorado.json,amza2_1_260210125708649_ACD_31327_mejorado.json,amza2,10/02,116.49,,,0,False
amza2_1_260210130241104_ACD_44883_mejorado.json,amza2_1_260210130241104_ACD_44883_mejorado.json,amza2,10/02,240.82,,,0,False
amza2_1_260210130744020_MIT_01945_mejorado.json,amza2_1_260210130744020_MIT_01945_mejorado.json,amza2,10/02,75.77,,,0,False
amza2_1_260210132342957_MIT_01962_mejorado.json,amza2_1_260210132342957_MIT_01962_mejorado.json,amza2,10/02,133.35,,,0,False
amza2_1_260210133219650_ACD_26801_mejorado.json,amza2_1_260210133219650_ACD_26801_mejorado.json,amza2,10/02,100.69,,,0,False
amza2_1_260210141003273_ACD_36659_mejorado.json,amza2_1_260210141003273_ACD_36659_mejorado.json,amza2,10/02,76.88,,,0,False
amza2_1_260210144009589_ACD_13547_mejorado.json,amza2_1_260210144009589_ACD_13547_mejorado.json,amza2,10/02,64.7,,,0,False
amza2_1_260210145340202_ACD_46561_mejorado.json,amza2_1_260210145340202_ACD_46561_mejorado.json,amza2,10/02,110.73,4gb,4gb,1,False
amza2_1_260211110852676_ACD_72441_mejorado.json,amza2_1_260211110852676_ACD_72441_mejorado.json,amza2,11/02,267.54,,,0,False
amza2_1_260211111403845_ACD_89711_mejorado.json,amza2_1_260211111403845_ACD_89711_mejorado.json,amza2,11/02,196.17,,,0,True
amza2_1_260211115100692_ACD_00161_mejorado.json,amza2_1_260211115100692_ACD_00161_mejorado.json,amza2,11/02,73.14,,,0,False
amza2_1_260211115317001_ACD_05623_mejorado.json,amza2_1_260211115317001_ACD_05623_mejorado.json,amza2,11/02,75.19,,,0,False
amza2_1_260211134058822_ACD_56591_mejorado.json,amza2_1_260211134058822_ACD_56591_mejorado.json,amza2,11/02,65.49,,,0,False
amza2_1_260211141248734_MIT_01976_mejorado.json,amza2_1_260211141248734_MIT_01976_mejorado.json,amza2,11/02,77.1,,,0,False
amza2_1_260211145134299_ACD_66519_mejorado.json,amza2_1_260211145134299_ACD_66519_mejorado.json,amza2,11/02,187.74,30gb,"30gb, 15gb",2,True
amza2_1_260211145505765_MIT_01964_mejorado.json,amza2_1_260211145505765_MIT_01964_mejorado.json,amza2,11/02,69.91,,,0,True
amza2_1_260212102123892_ACD_38875_mejorado.json,amza2_1_260212102123892_ACD_38875_mejorado.json,amza2,12/02,92.44,,,0,False
amza2_1_260212110407327_ACD_74449_mejorado.json,amza2_1_260212110407327_ACD_74449_mejorado.json,amza2,12/02,73.68,,,0,False
amza2_1_260212115113957_ACD_40815_mejorado.json,amza2_1_260212115113957_ACD_40815_mejorado.json,amza2,12/02,87.95,,,0,False
amza2_1_260212120328528_ACD_72851_mejorado.json,amza2_1_260212120328528_ACD_72851_mejorado.json,amza2,12/02,166.49,,,0,False
amza2_1_260212131350109_ACD_45295_mejorado.json,amza2_1_260212131350109_ACD_45295_mejorado.json,amza2,12/02,86.0,,,0,False
amza2_1_260212132457115_ACD_88723_mejorado.json,amza2_1_260212132457115_ACD_88723_mejorado.json,amza2,12/02,82.7,,,0,False
amza2_1_260212133648696_ACD_35871_mejorado.json,amza2_1_260212133648696_ACD_35871_mejorado.json,amza2,12/02,95.58,,,0,False
amza2_1_260212135021333_ACD_85711_mejorado.json,amza2_1_260212135021333_ACD_85711_mejorado.json,amza2,12/02,104.59,,,0,True
amza2_1_260212140858231_ACD_54461_mejorado.json,amza2_1_260212140858231_ACD_54461_mejorado.json,amza2,12/02,63.3,,,0,False
amza2_1_260212144027333_ACD_53733_mejorado.json,amza2_1_260212144027333_ACD_53733_mejorado.json,amza2,12/02,136.32,,,0,False
amza2_1_260212145917873_ACD_16007_mejorado.json,amza2_1_260212145917873_ACD_16007_mejorado.json,amza2,12/02,70.52,,,0,False
amza2_1_260213111621877_ACD_53043_mejorado.json,amza2_1_260213111621877_ACD_53043_mejorado.json,amza2,13/02,170.4,8gb,"8gb, 4gb",2,True
amza2_1_260213112509256_ACD_85545_mejorado.json,amza2_1_260213112509256_ACD_85545_mejorado.json,amza2,13/02,96.42,,,0,False
amza2_1_260213112737466_MIT_01966_mejorado.json,amza2_1_260213112737466_MIT_01966_mejorado.json,amza2,13/02,280.24,,,0,True
amza2_1_260213113314701_MIT_01998_mejorado.json,amza2_1_260213113314701_MIT_01998_mejorado.json,amza2,13/02,252.6,,,0,False
amza2_1_260213114526907_ACD_51277_mejorado.json,amza2_1_260213114526907_ACD_51277_mejorado.json,amza2,13/02,83.25,,,0,False
amza2_1_260213115716348_ACD_84591_mejorado.json,amza2_1_260213115716348_ACD_84591_mejorado.json,amza2,13/02,69.31,,,0,False
amza2_1_260213124649576_MIT_01969_mejorado.json,amza2_1_260213124649576_MIT_01969_mejorado.json,amza2,13/02,250.53,4gb,4gb,1,True
amza2_1_260213133446406_ACD_18587_mejorado.json,amza2_1_260213133446406_ACD_18587_mejorado.json,amza2,13/02,88.16,,,0,False
amza2_1_260213142606145_ACD_95877_mejorado.json,amza2_1_260213142606145_ACD_95877_mejorado.json,amza2,13/02,186.28,,,0,False
amza2_1_260213143441471_ACD_19375_mejorado.json,amza2_1_260213143441471_ACD_19375_mejorado.json,amza2,13/02,62.73,,,0,False
amza2_1_260213144738326_MIT_01970_mejorado.json,amza2_1_260213144738326_MIT_01970_mejorado.json,amza2,13/02,560.67,,,0,False
amza3_1_260210173832350_ACD_86491_mejorado.json,amza3_1_260210173832350_ACD_86491_mejorado.json,amza3,10/02,56.97,,,0,False
amza3_1_260210175142686_ACD_99715_mejorado.json,amza3_1_260210175142686_ACD_99715_mejorado.json,amza3,10/02,67.96,,,0,False
amza3_1_260210175851032_ACD_07453_mejorado.json,amza3_1_260210175851032_ACD_07453_mejorado.json,amza3,10/02,97.56,8gb,8gb,1,False
amza3_1_260210190107021_ACD_73799_mejorado.json,amza3_1_260210190107021_ACD_73799_mejorado.json,amza3,10/02,229.01,,,0,False
amza3_1_260211161125721_ACD_44947_mejorado.json,amza3_1_260211161125721_ACD_44947_mejorado.json,amza3,11/02,64.53,,,0,False
amza3_1_260211162140939_ACD_55929_mejorado.json,amza3_1_260211162140939_ACD_55929_mejorado.json,amza3,11/02,71.52,,,0,False
amza3_1_260211163422987_ACD_69275_mejorado.json,amza3_1_260211163422987_ACD_69275_mejorado.json,amza3,11/02,87.46,,,0,False
amza3_1_260211165823093_ACD_96797_mejorado.json,amza3_1_260211165823093_ACD_96797_mejorado.json,amza3,11/02,71.89,,,0,False
amza3_1_260211173701085_ACD_09863_mejorado.json,amza3_1_260211173701085_ACD_09863_mejorado.json,amza3,11/02,81.54,4gb,4gb,1,False
amza3_1_260211180734377_ACD_50167_mejorado.json,amza3_1_260211180734377_ACD_50167_mejorado.json,amza3,11/02,148.7,,,0,False
amza3_1_260211182407341_ACD_71671_mejorado.json,amza3_1_260211182407341_ACD_71671_mejorado.json,amza3,11/02,126.29,8gb,8gb,1,False
amza3_1_260211183431151_ACD_85425_mejorado.json,amza3_1_260211183431151_ACD_85425_mejorado.json,amza3,11/02,92.27,8gb,8gb,1,False
amza3_1_260211184005271_ACD_92019_mejorado.json,amza3_1_260211184005271_ACD_92019_mejorado.json,amza3,11/02,138.07,,,0,False
amza3_1_260212162550400_ACD_86599_mejorado.json,amza3_1_260212162550400_ACD_86599_mejorado.json,amza3,12/02,78.55,,,0,False
amza3_1_260212164224981_ACD_08317_mejorado.json,amza3_1_260212164224981_ACD_08317_mejorado.json,amza3,12/02,74.76,,,0,False
amza3_1_260212165356419_ACD_24771_mejorado.json,amza3_1_260212165356419_ACD_24771_mejorado.json,amza3,12/02,286.25,8gb,8gb,1,True
amza3_1_260212172232700_ACD_41399_mejorado.json,amza3_1_260212172232700_ACD_41399_mejorado.json,amza3,12/02,62.19,,,0,False
amza3_1_260212174531003_ACD_59405_mejorado.json,amza3_1_260212174531003_ACD_59405_mejorado.json,amza3,12/02,117.5,,,0,False
amza4_1_260209112759718_ACD_21641_mejorado.json,amza4_1_260209112759718_ACD_21641_mejorado.json,amza4,09/02,90.53,,,0,False
amza4_1_260209113002331_ACD_27995_mejorado.json,amza4_1_260209113002331_ACD_27995_mejorado.json,amza4,09/02,132.69,,,0,False
amza4_1_260209114843677_ACD_87231_mejorado.json,amza4_1_260209114843677_ACD_87231_mejorado.json,amza4,09/02,240.1,8gb,8gb,1,False
amza4_1_260209115303981_ACD_98255_mejorado.json,amza4_1_260209115303981_ACD_98255_mejorado.json,amza4,09/02,71.79,4gb,4gb,1,False
amza4_1_260209130441619_ACD_42307_mejorado.json,amza4_1_260209130441619_ACD_42307_mejorado.json,amza4,09/02,112.42,,,0,False
amza4_1_260209133204832_MIT_01983_mejorado.json,amza4_1_260209133204832_MIT_01983_mejorado.json,amza4,09/02,103.5,,,0,True
amza4_1_260209134808567_MIT_01979_mejorado.json,amza4_1_260209134808567_MIT_01979_mejorado.json,amza4,09/02,192.32,8gb,8gb,1,False
amza4_1_260209145208139_ACD_65869_mejorado.json,amza4_1_260209145208139_ACD_65869_mejorado.json,amza4,09/02,64.65,,,0,False
amza4_1_260209145354596_ACD_70675_mejorado.json,amza4_1_260209145354596_ACD_70675_mejorado.json,amza4,09/02,514.52,8gb,8gb,1,False
amza4_1_260210104523104_ACD_29315_mejorado.json,amza4_1_260210104523104_ACD_29315_mejorado.json,amza4,10/02,69.64,,,0,False
amza4_1_260210105151020_MIT_01954_mejorado.json,amza4_1_260210105151020_MIT_01954_mejorado.json,amza4,10/02,261.56,8gb,"8gb, 4gb",2,False
amza4_1_260210113335331_ACD_80379_mejorado.json,amza4_1_260210113335331_ACD_80379_mejorado.json,amza4,10/02,250.0,8gb,8gb,1,False
amza4_1_260210120939774_ACD_62789_mejorado.json,amza4_1_260210120939774_ACD_62789_mejorado.json,amza4,10/02,140.05,15gb,15gb,1,False
amza4_1_260210130755391_ACD_59271_mejorado.json,amza4_1_260210130755391_ACD_59271_mejorado.json,amza4,10/02,127.36,15gb,15gb,1,False
amza4_1_260210131046796_ACD_66707_mejorado.json,amza4_1_260210131046796_ACD_66707_mejorado.json,amza4,10/02,71.08,,,0,False
amza4_1_260210133224656_ACD_27063_mejorado.json,amza4_1_260210133224656_ACD_27063_mejorado.json,amza4,10/02,200.46,,,0,False
amza4_1_260210133552670_ACD_37587_mejorado.json,amza4_1_260210133552670_ACD_37587_mejorado.json,amza4,10/02,93.91,,,0,False
amza4_1_260210134142790_ACD_54393_mejorado.json,amza4_1_260210134142790_ACD_54393_mejorado.json,amza4,10/02,240.67,,,0,True
amza4_1_260210144104916_ACD_15969_mejorado.json,amza4_1_260210144104916_ACD_15969_mejorado.json,amza4,10/02,250.19,15gb,"15gb, 30gb",2,False
amza4_1_260210171449270_MIT_01997_mejorado.json,amza4_1_260210171449270_MIT_01997_mejorado.json,amza4,10/02,63.27,,,0,False
amza4_1_260210175359939_ACD_01841_mejorado.json,amza4_1_260210175359939_ACD_01841_mejorado.json,amza4,10/02,93.66,4gb,4gb,1,False
amza4_1_260210185721064_ACD_69645_mejorado.json,amza4_1_260210185721064_ACD_69645_mejorado.json,amza4,10/02,69.83,,,0,False
amza4_1_260211112124058_ACD_14759_mejorado.json,amza4_1_260211112124058_ACD_14759_mejorado.json,amza4,11/02,275.2,15gb,15gb,1,False
amza4_1_260211113617125_MIT_01967_mejorado.json,amza4_1_260211113617125_MIT_01967_mejorado.json,amza4,11/02,62.94,,,0,False
amza4_1_260211124339346_ACD_91115_mejorado.json,amza4_1_260211124339346_ACD_91115_mejorado.json,amza4,11/02,89.78,,,0,False
amza4_1_260211141205815_ACD_49475_mejorado.json,amza4_1_260211141205815_ACD_49475_mejorado.json,amza4,11/02,231.15,,,0,False
amza4_1_260211142531787_ACD_85929_mejorado.json,amza4_1_260211142531787_ACD_85929_mejorado.json,amza4,11/02,102.3,15gb,15gb,1,False
amza4_1_260211162037849_ACD_54725_mejorado.json,amza4_1_260211162037849_ACD_54725_mejorado.json,amza4,11/02,113.55,8gb,8gb,1,False
amza4_1_260211165144367_ACD_89077_mejorado.json,amza4_1_260211165144367_ACD_89077_mejorado.json,amza4,11/02,97.86,,,0,False
amza4_1_260211183452173_ACD_85891_mejorado.json,amza4_1_260211183452173_ACD_85891_mejorado.json,amza4,11/02,213.42,,,0,False
amza4_1_260212110452616_ACD_76211_mejorado.json,amza4_1_260212110452616_ACD_76211_mejorado.json,amza4,12/02,213.23,8gb,8gb,1,False
amza4_1_260212113654429_ACD_90811_mejorado.json,amza4_1_260212113654429_ACD_90811_mejorado.json,amza4,12/02,315.28,4gb,"4gb, 8gb",2,False
amza4_1_260212120439783_ACD_75527_mejorado.json,amza4_1_260212120439783_ACD_75527_mejorado.json,amza4,12/02,76.29,,,0,True
amza4_1_260212125844806_ACD_91217_mejorado.json,amza4_1_260212125844806_ACD_91217_mejorado.json,amza4,12/02,61.61,,,0,False
amza4_1_260212130916016_MIT_01997_mejorado.json,amza4_1_260212130916016_MIT_01997_mejorado.json,amza4,12/02,146.37,4gb,4gb,1,True
amza4_1_260212131425269_ACD_47511_mejorado.json,amza4_1_260212131425269_ACD_47511_mejorado.json,amza4,12/02,106.58,,,0,False
amza4_1_260212132320579_ACD_82683_mejorado.json,amza4_1_260212132320579_ACD_82683_mejorado.json,amza4,12/02,79.84,,,0,False
amza4_1_260212132914036_ACD_05803_mejorado.json,amza4_1_260212132914036_ACD_05803_mejorado.json,amza4,12/02,99.09,4gb,"4gb, 8gb",2,False
amza4_1_260212142216696_ACD_96223_mejorado.json,amza4_1_260212142216696_ACD_96223_mejorado.json,amza4,12/02,154.66,8gb,8gb,1,False
amza4_1_260212144842246_ACD_84925_mejorado.json,amza4_1_260212144842246_ACD_84925_mejorado.json,amza4,12/02,120.96,,,0,False
amza4_1_260212171202574_ACD_39575_mejorado.json,amza4_1_260212171202574_ACD_39575_mejorado.json,amza4,12/02,74.5,,,0,False
amza4_1_260212173339462_ACD_48121_mejorado.json,amza4_1_260212173339462_ACD_48121_mejorado.json,amza4,12/02,312.9,8gb,8gb,1,False
amza4_1_260212174248728_ACD_56227_mejorado.json,amza4_1_260212174248728_ACD_56227_mejorado.json,amza4,12/02,144.72,,,0,False
amza4_1_260212175332978_ACD_68377_mejorado.json,amza4_1_260212175332978_ACD_68377_mejorado.json,amza4,12/02,63.64,,,0,False
amza4_1_260213103316301_ACD_06177_mejorado.json,amza4_1_260213103316301_ACD_06177_mejorado.json,amza4,13/02,142.36,,,0,False
amza4_1_260213104514605_ACD_49015_mejorado.json,amza4_1_260213104514605_ACD_49015_mejorado.json,amza4,13/02,134.95,,,0,True
amza4_1_260213112244464_ACD_77439_mejorado.json,amza4_1_260213112244464_ACD_77439_mejorado.json,amza4,13/02,228.86,,,0,True
amza4_1_260213113600029_MIT_01987_mejorado.json,amza4_1_260213113600029_MIT_01987_mejorado.json,amza4,13/02,136.2,,,0,False
amza4_1_260213113826654_MIT_01971_mejorado.json,amza4_1_260213113826654_MIT_01971_mejorado.json,amza4,13/02,271.37,,,0,False
amza4_1_260213121249705_ACD_19513_mejorado.json,amza4_1_260213121249705_ACD_19513_mejorado.json,amza4,13/02,537.49,8gb,8gb,1,False
amza4_1_260213124518120_ACD_62665_mejorado.json,amza4_1_260213124518120_ACD_62665_mejorado.json,amza4,13/02,301.05,8gb,8gb,1,False
amza4_1_260213125153404_MIT_01962_mejorado.json,amza4_1_260213125153404_MIT_01962_mejorado.json,amza4,13/02,102.64,,,0,False
amza4_1_260213131653952_ACD_58091_mejorado.json,amza4_1_260213131653952_ACD_58091_mejorado.json,amza4,13/02,70.83,,,0,False
amza4_1_260213132306654_MIT_01955_mejorado.json,amza4_1_260213132306654_MIT_01955_mejorado.json,amza4,13/02,68.95,,,0,False
amza4_1_260213145046044_ACD_67145_mejorado.json,amza4_1_260213145046044_ACD_67145_mejorado.json,amza4,13/02,113.87,,,0,False
amza5_1_260209102857902_ACD_18735_mejorado.json,amza5_1_260209102857902_ACD_18735_mejorado.json,amza5,09/02,67.62,,,0,False
amza5_1_260209103204315_ACD_29255_mejorado.json,amza5_1_260209103204315_ACD_29255_mejorado.json,amza5,09/02,138.16,8gb,8gb,1,False
amza5_1_260209112203035_ACD_01755_mejorado.json,amza5_1_260209112203035_ACD_01755_mejorado.json,amza5,09/02,64.34,,,0,False
amza5_1_260209113420869_ACD_42185_mejorado.json,amza5_1_260209113420869_ACD_42185_mejorado.json,amza5,09/02,138.04,,,0,False
amza5_1_260209114748357_ACD_84861_mejorado.json,amza5_1_260209114748357_ACD_84861_mejorado.json,amza5,09/02,64.61,4gb,4gb,1,False
amza5_1_260209120221686_ACD_20103_mejorado.json,amza5_1_260209120221686_ACD_20103_mejorado.json,amza5,09/02,67.36,,,0,False
amza5_1_260209130601990_ACD_46089_mejorado.json,amza5_1_260209130601990_ACD_46089_mejorado.json,amza5,09/02,109.92,4gb,4gb,1,False
amza5_1_260210105358614_ACD_57239_mejorado.json,amza5_1_260210105358614_ACD_57239_mejorado.json,amza5,10/02,166.17,30gb,30gb,1,False
amza5_1_260210110518001_ACD_95129_mejorado.json,amza5_1_260210110518001_ACD_95129_mejorado.json,amza5,10/02,305.52,,,0,False
amza5_1_260210112114585_ACD_44147_mejorado.json,amza5_1_260210112114585_ACD_44147_mejorado.json,amza5,10/02,100.74,8gb,8gb,1,False
amza5_1_260210142159751_ACD_65871_mejorado.json,amza5_1_260210142159751_ACD_65871_mejorado.json,amza5,10/02,87.33,,,0,False
amza5_1_260210144850205_ACD_35745_mejorado.json,amza5_1_260210144850205_ACD_35745_mejorado.json,amza5,10/02,118.83,,,0,False
amza5_1_260210173649949_ACD_85007_mejorado.json,amza5_1_260210173649949_ACD_85007_mejorado.json,amza5,10/02,97.71,8gb,8gb,1,False
amza5_1_260210175927188_ACD_07969_mejorado.json,amza5_1_260210175927188_ACD_07969_mejorado.json,amza5,10/02,73.46,,,0,False
amza5_1_260210190511601_ACD_79273_mejorado.json,amza5_1_260210190511601_ACD_79273_mejorado.json,amza5,10/02,229.84,8gb,8gb,1,False
amza5_1_260211120331651_ACD_28007_mejorado.json,amza5_1_260211120331651_ACD_28007_mejorado.json,amza5,11/02,83.28,,,0,False
amza5_1_260211121800216_ACD_62653_mejorado.json,amza5_1_260211121800216_ACD_62653_mejorado.json,amza5,11/02,68.48,,,0,False
amza5_1_260211124413281_MIT_01990_mejorado.json,amza5_1_260211124413281_MIT_01990_mejorado.json,amza5,11/02,301.24,8gb,8gb,1,False
amza5_1_260211125457032_ACD_20815_mejorado.json,amza5_1_260211125457032_ACD_20815_mejorado.json,amza5,11/02,70.32,,,0,False
amza5_1_260211140803321_ACD_36615_mejorado.json,amza5_1_260211140803321_ACD_36615_mejorado.json,amza5,11/02,452.96,8gb,"8gb, 4gb",2,True
amza5_1_260211141748436_ACD_66293_mejorado.json,amza5_1_260211141748436_ACD_66293_mejorado.json,amza5,11/02,112.0,4gb,4gb,1,False
amza5_1_260211145211300_ACD_68135_mejorado.json,amza5_1_260211145211300_ACD_68135_mejorado.json,amza5,11/02,70.93,,,0,False
amza5_1_260211165553618_ACD_94097_mejorado.json,amza5_1_260211165553618_ACD_94097_mejorado.json,amza5,11/02,130.58,,,0,False
amza5_1_260211175753457_ACD_37307_mejorado.json,amza5_1_260211175753457_ACD_37307_mejorado.json,amza5,11/02,286.72,,,0,True
amza5_1_260211183634608_ACD_87797_mejorado.json,amza5_1_260211183634608_ACD_87797_mejorado.json,amza5,11/02,534.13,8gb,"8gb, 4gb",2,True
amza5_1_260211185843466_ACD_09565_mejorado.json,amza5_1_260211185843466_ACD_09565_mejorado.json,amza5,11/02,73.53,,,0,False
amza5_1_260212111555517_ACD_12267_mejorado.json,amza5_1_260212111555517_ACD_12267_mejorado.json,amza5,12/02,76.88,4gb,4gb,1,False
amza5_1_260212113507510_ACD_84177_mejorado.json,amza5_1_260212113507510_ACD_84177_mejorado.json,amza5,12/02,119.64,4gb,4gb,1,False
amza5_1_260212125759560_ACD_88441_mejorado.json,amza5_1_260212125759560_ACD_88441_mejorado.json,amza5,12/02,364.16,,,0,False
amza5_1_260212130445918_ACD_12971_mejorado.json,amza5_1_260212130445918_ACD_12971_mejorado.json,amza5,12/02,212.76,4gb,4gb,1,False
amza5_1_260212133036999_ACD_10987_mejorado.json,amza5_1_260212133036999_ACD_10987_mejorado.json,amza5,12/02,94.94,,,0,False
amza5_1_260212133232582_ACD_18971_mejorado.json,amza5_1_260212133232582_ACD_18971_mejorado.json,amza5,12/02,153.18,8gb,"8gb, 4gb",2,False
amza5_1_260212150003091_ACD_17867_mejorado.json,amza5_1_260212150003091_ACD_17867_mejorado.json,amza5,12/02,94.03,4gb,4gb,1,True
amza5_1_260212163057720_ACD_92643_mejorado.json,amza5_1_260212163057720_ACD_92643_mejorado.json,amza5,12/02,90.91,4gb,4gb,1,False
amza5_1_260212165601885_ACD_27339_mejorado.json,amza5_1_260212165601885_ACD_27339_mejorado.json,amza5,12/02,60.94,,,0,False
amza5_1_260212165833314_ACD_30741_mejorado.json,amza5_1_260212165833314_ACD_30741_mejorado.json,amza5,12/02,192.97,,,0,False
amza5_1_260212170330515_ACD_35035_mejorado.json,amza5_1_260212170330515_ACD_35035_mejorado.json,amza5,12/02,80.98,4gb,4gb,1,False
amza5_1_260212171836573_ACD_40691_mejorado.json,amza5_1_260212171836573_ACD_40691_mejorado.json,amza5,12/02,59.86,,,0,False
amza6_1_260209144654192_MIT_01988_mejorado.json,amza6_1_260209144654192_MIT_01988_mejorado.json,amza6,09/02,409.81,8gb,"8gb, 4gb",2,False
amza6_1_260210173039145_ACD_80013_mejorado.json,amza6_1_260210173039145_ACD_80013_mejorado.json,amza6,10/02,235.63,,,0,False
amza6_1_260210173848413_ACD_86711_mejorado.json,amza6_1_260210173848413_ACD_86711_mejorado.json,amza6,10/02,77.0,4gb,"4gb, 8gb",2,False
amza6_1_260210174908191_ACD_97645_mejorado.json,amza6_1_260210174908191_ACD_97645_mejorado.json,amza6,10/02,176.73,4gb,"4gb, 8gb",2,False
amza6_1_260210180247942_ACD_11267_mejorado.json,amza6_1_260210180247942_ACD_11267_mejorado.json,amza6,10/02,273.7,4gb,4gb,1,False
amza6_1_260210181059632_ACD_20185_mejorado.json,amza6_1_260210181059632_ACD_20185_mejorado.json,amza6,10/02,78.82,,,0,False
amza6_1_260210190622846_ACD_80813_mejorado.json,amza6_1_260210190622846_ACD_80813_mejorado.json,amza6,10/02,58.73,,,0,False
amza6_1_260211160903591_ACD_42035_mejorado.json,amza6_1_260211160903591_ACD_42035_mejorado.json,amza6,11/02,141.84,,,0,False
amza6_1_260211161336984_ACD_47099_mejorado.json,amza6_1_260211161336984_ACD_47099_mejorado.json,amza6,11/02,181.81,4gb,"4gb, 8gb",2,False
amza6_1_260211161728479_ACD_51019_mejorado.json,amza6_1_260211161728479_ACD_51019_mejorado.json,amza6,11/02,63.15,4gb,4gb,1,False
amza6_1_260211163406988_ACD_69041_mejorado.json,amza6_1_260211163406988_ACD_69041_mejorado.json,amza6,11/02,143.35,,,0,False
amza6_1_260211163753640_ACD_73091_mejorado.json,amza6_1_260211163753640_ACD_73091_mejorado.json,amza6,11/02,69.98,,,0,False
amza6_1_260211164635284_ACD_83155_mejorado.json,amza6_1_260211164635284_ACD_83155_mejorado.json,amza6,11/02,172.58,,,0,False
amza6_1_260211165629742_ACD_94687_mejorado.json,amza6_1_260211165629742_ACD_94687_mejorado.json,amza6,11/02,219.06,4gb,"4gb, 8gb",2,False
amza7_1_260209105521231_ACD_07413_mejorado.json,amza7_1_260209105521231_ACD_07413_mejorado.json,amza7,09/02,108.54,,,0,True
amza7_1_260209105834360_ACD_18071_mejorado.json,amza7_1_260209105834360_ACD_18071_mejorado.json,amza7,09/02,65.24,,,0,False
amza7_1_260209110213228_ACD_28999_mejorado.json,amza7_1_260209110213228_ACD_28999_mejorado.json,amza7,09/02,88.27,,,0,False
amza7_1_260209112010952_ACD_95301_mejorado.json,amza7_1_260209112010952_ACD_95301_mejorado.json,amza7,09/02,66.69,,,0,False
amza7_1_260209112744384_MIT_01996_mejorado.json,amza7_1_260209112744384_MIT_01996_mejorado.json,amza7,09/02,79.3,,,0,False
amza7_1_260209113708836_ACD_51857_mejorado.json,amza7_1_260209113708836_ACD_51857_mejorado.json,amza7,09/02,93.83,,,0,False
amza7_1_260209120226691_ACD_20405_mejorado.json,amza7_1_260209120226691_ACD_20405_mejorado.json,amza7,09/02,159.23,,,0,False
amza7_1_260209124753504_ACD_91171_mejorado.json,amza7_1_260209124753504_ACD_91171_mejorado.json,amza7,09/02,65.14,,,0,False
amza7_1_260209134520533_ACD_62969_mejorado.json,amza7_1_260209134520533_ACD_62969_mejorado.json,amza7,09/02,54.62,,,0,False
amza7_1_260209142546430_ACD_90569_mejorado.json,amza7_1_260209142546430_ACD_90569_mejorado.json,amza7,09/02,70.62,,,0,False
amza7_1_260209143859973_ACD_26157_mejorado.json,amza7_1_260209143859973_ACD_26157_mejorado.json,amza7,09/02,73.05,,,0,False
amza7_1_260210114626155_ACD_17031_mejorado.json,amza7_1_260210114626155_ACD_17031_mejorado.json,amza7,10/02,63.5,,,0,False
amza7_1_260210114908475_ACD_22361_mejorado.json,amza7_1_260210114908475_ACD_22361_mejorado.json,amza7,10/02,141.58,,,0,False
amza7_1_260210115724932_ACD_40289_mejorado.json,amza7_1_260210115724932_ACD_40289_mejorado.json,amza7,10/02,102.21,,,0,False
amza7_1_260210121203643_ACD_68199_mejorado.json,amza7_1_260210121203643_ACD_68199_mejorado.json,amza7,10/02,495.23,4gb,4gb,1,False
amza7_1_260210125239691_ACD_19477_mejorado.json,amza7_1_260210125239691_ACD_19477_mejorado.json,amza7,10/02,68.95,,,0,False
amza7_1_260210131148114_ACD_69413_mejorado.json,amza7_1_260210131148114_ACD_69413_mejorado.json,amza7,10/02,107.34,,,0,False
amza7_1_260210131418516_ACD_76127_mejorado.json,amza7_1_260210131418516_ACD_76127_mejorado.json,amza7,10/02,391.58,,,0,False
amza7_1_260210140737707_MIT_01977_mejorado.json,amza7_1_260210140737707_MIT_01977_mejorado.json,amza7,10/02,303.73,,,0,False
amza7_1_260210171320926_MIT_01998_mejorado.json,amza7_1_260210171320926_MIT_01998_mejorado.json,amza7,10/02,103.7,,,0,False
amza7_1_260210173258551_ACD_81765_mejorado.json,amza7_1_260210173258551_ACD_81765_mejorado.json,amza7,10/02,143.12,4gb,4gb,1,False
amza7_1_260210174242101_ACD_90549_mejorado.json,amza7_1_260210174242101_ACD_90549_mejorado.json,amza7,10/02,186.82,,,0,False
amza7_1_260210174750025_ACD_96369_mejorado.json,amza7_1_260210174750025_ACD_96369_mejorado.json,amza7,10/02,197.96,4gb,"4gb, 8gb",2,False
amza7_1_260210181039506_ACD_19807_mejorado.json,amza7_1_260210181039506_ACD_19807_mejorado.json,amza7,10/02,75.87,,,0,False
amza7_1_260210185608717_ACD_68405_mejorado.json,amza7_1_260210185608717_ACD_68405_mejorado.json,amza7,10/02,78.08,,,0,False
amza7_1_260211110342233_ACD_55949_mejorado.json,amza7_1_260211110342233_ACD_55949_mejorado.json,amza7,11/02,93.34,,,0,False
amza7_1_260211111216176_ACD_83765_mejorado.json,amza7_1_260211111216176_ACD_83765_mejorado.json,amza7,11/02,79.6,,,0,False
amza7_1_260211114633795_ACD_88477_mejorado.json,amza7_1_260211114633795_ACD_88477_mejorado.json,amza7,11/02,105.84,,,0,False
amza7_1_260211114915485_ACD_95735_mejorado.json,amza7_1_260211114915485_ACD_95735_mejorado.json,amza7,11/02,200.22,,,0,False
amza7_1_260211120751419_ACD_37161_mejorado.json,amza7_1_260211120751419_ACD_37161_mejorado.json,amza7,11/02,82.48,,,0,False
amza7_1_260211133156998_ACD_27441_mejorado.json,amza7_1_260211133156998_ACD_27441_mejorado.json,amza7,11/02,94.99,,,0,True
amza7_1_260211142430344_MIT_01978_mejorado.json,amza7_1_260211142430344_MIT_01978_mejorado.json,amza7,11/02,64.89,,,0,False
amza7_1_260211143102754_ACD_00911_mejorado.json,amza7_1_260211143102754_ACD_00911_mejorado.json,amza7,11/02,91.53,,,0,False
amza7_1_260211144605913_ACD_49401_mejorado.json,amza7_1_260211144605913_ACD_49401_mejorado.json,amza7,11/02,281.8,,,0,False
amza7_1_260211145851806_ACD_84745_mejorado.json,amza7_1_260211145851806_ACD_84745_mejorado.json,amza7,11/02,109.79,,,0,False
amza7_1_260211160806558_ACD_40647_mejorado.json,amza7_1_260211160806558_ACD_40647_mejorado.json,amza7,11/02,82.6,,,0,False
amza7_1_260211163100589_ACD_65689_mejorado.json,amza7_1_260211163100589_ACD_65689_mejorado.json,amza7,11/02,255.18,8gb,8gb,1,False
amza7_1_260211163917090_ACD_74581_mejorado.json,amza7_1_260211163917090_ACD_74581_mejorado.json,amza7,11/02,62.74,,,0,False
amza7_1_260211175819539_ACD_37975_mejorado.json,amza7_1_260211175819539_ACD_37975_mejorado.json,amza7,11/02,147.71,,,0,False
amza7_1_260211180539788_ACD_47307_mejorado.json,amza7_1_260211180539788_ACD_47307_mejorado.json,amza7,11/02,92.86,,,0,False
amza7_1_260211180930024_ACD_52961_mejorado.json,amza7_1_260211180930024_ACD_52961_mejorado.json,amza7,11/02,60.99,,,0,False
amza7_1_260211181551209_ACD_61439_mejorado.json,amza7_1_260211181551209_ACD_61439_mejorado.json,amza7,11/02,103.26,,,0,False
amza7_1_260211182105411_ACD_68243_mejorado.json,amza7_1_260211182105411_ACD_68243_mejorado.json,amza7,11/02,104.05,,,0,False
amza7_1_260211183344054_ACD_84339_mejorado.json,amza7_1_260211183344054_ACD_84339_mejorado.json,amza7,11/02,65.14,,,0,False
amza7_1_260212102733097_ACD_58897_mejorado.json,amza7_1_260212102733097_ACD_58897_mejorado.json,amza7,12/02,77.88,,,0,False
amza7_1_260212103248375_MIT_01944_mejorado.json,amza7_1_260212103248375_MIT_01944_mejorado.json,amza7,12/02,181.47,,,0,False
amza7_1_260212104637704_ACD_15737_mejorado.json,amza7_1_260212104637704_ACD_15737_mejorado.json,amza7,12/02,96.09,,,0,False
amza7_1_260212105240485_ACD_38547_mejorado.json,amza7_1_260212105240485_ACD_38547_mejorado.json,amza7,12/02,198.77,,,0,False
amza7_1_260212110240812_ACD_70617_mejorado.json,amza7_1_260212110240812_ACD_70617_mejorado.json,amza7,12/02,235.46,4gb,4gb,1,False
amza7_1_260212110906469_ACD_88751_mejorado.json,amza7_1_260212110906469_ACD_88751_mejorado.json,amza7,12/02,63.65,,,0,False
amza7_1_260212134120835_ACD_53729_mejorado.json,amza7_1_260212134120835_ACD_53729_mejorado.json,amza7,12/02,65.14,,,0,False
amza7_1_260212135734095_MIT_01965_mejorado.json,amza7_1_260212135734095_MIT_01965_mejorado.json,amza7,12/02,79.85,,,0,False
amza7_1_260212140332150_ACD_35781_mejorado.json,amza7_1_260212140332150_ACD_35781_mejorado.json,amza7,12/02,145.31,,,0,False
amza7_1_260212141315911_ACD_71139_mejorado.json,amza7_1_260212141315911_ACD_71139_mejorado.json,amza7,12/02,206.67,,,0,False
amza7_1_260212144205032_ACD_59381_mejorado.json,amza7_1_260212144205032_ACD_59381_mejorado.json,amza7,12/02,128.67,,,0,False
amza7_1_260213104201232_MIT_01998_mejorado.json,amza7_1_260213104201232_MIT_01998_mejorado.json,amza7,13/02,156.11,,,0,True
amza7_1_260213111749442_ACD_58569_mejorado.json,amza7_1_260213111749442_ACD_58569_mejorado.json,amza7,13/02,274.61,8gb,"8gb, 4gb",2,False
amza7_1_260213115008138_ACD_64607_mejorado.json,amza7_1_260213115008138_ACD_64607_mejorado.json,amza7,13/02,91.75,,,0,False
amza7_1_260213120018170_MIT_01988_mejorado.json,amza7_1_260213120018170_MIT_01988_mejorado.json,amza7,13/02,396.38,4gb,4gb,1,False
amza8_1_260209102618197_MIT_01961_mejorado.json,amza8_1_260209102618197_MIT_01961_mejorado.json,amza8,09/02,457.84,8gb,8gb,1,False
amza8_1_260209104734808_ACD_82155_mejorado.json,amza8_1_260209104734808_ACD_82155_mejorado.json,amza8,09/02,84.68,,,0,False
amza8_1_260209114313431_ACD_71341_mejorado.json,amza8_1_260209114313431_ACD_71341_mejorado.json,amza8,09/02,111.22,,,0,False
amza8_1_260209120647144_ACD_30755_mejorado.json,amza8_1_260209120647144_ACD_30755_mejorado.json,amza8,09/02,83.43,,,0,False
amza8_1_260209121448041_MIT_01997_mejorado.json,amza8_1_260209121448041_MIT_01997_mejorado.json,amza8,09/02,195.82,,,0,True
amza8_1_260209124135910_ACD_80377_mejorado.json,amza8_1_260209124135910_ACD_80377_mejorado.json,amza8,09/02,154.17,,,0,False
amza8_1_260209124521949_ACD_87035_mejorado.json,amza8_1_260209124521949_ACD_87035_mejorado.json,amza8,09/02,70.76,,,0,False
amza8_1_260209133605486_ACD_36295_mejorado.json,amza8_1_260209133605486_ACD_36295_mejorado.json,amza8,09/02,91.85,,,0,False
amza8_1_260209135652294_ACD_97521_mejorado.json,amza8_1_260209135652294_ACD_97521_mejorado.json,amza8,09/02,362.53,,,0,False
amza8_1_260210104833681_ACD_39379_mejorado.json,amza8_1_260210104833681_ACD_39379_mejorado.json,amza8,10/02,124.49,,,0,False
amza8_1_260210105904059_ACD_74403_mejorado.json,amza8_1_260210105904059_ACD_74403_mejorado.json,amza8,10/02,71.8,,,0,False
amza8_1_260210110207004_MIT_01989_mejorado.json,amza8_1_260210110207004_MIT_01989_mejorado.json,amza8,10/02,83.04,,,0,False
amza8_1_260210114152813_ACD_03811_mejorado.json,amza8_1_260210114152813_ACD_03811_mejorado.json,amza8,10/02,79.85,,,0,False
amza8_1_260210114716451_ACD_18589_mejorado.json,amza8_1_260210114716451_ACD_18589_mejorado.json,amza8,10/02,109.25,,,0,False
amza8_1_260210115040962_ACD_25511_mejorado.json,amza8_1_260210115040962_ACD_25511_mejorado.json,amza8,10/02,100.24,,,0,False
amza8_1_260210133235657_ACD_27665_mejorado.json,amza8_1_260210133235657_ACD_27665_mejorado.json,amza8,10/02,72.53,,,0,False
amza8_1_260210135221252_ACD_84495_mejorado.json,amza8_1_260210135221252_ACD_84495_mejorado.json,amza8,10/02,191.6,,,0,False
amza8_1_260210141429456_ACD_48861_mejorado.json,amza8_1_260210141429456_ACD_48861_mejorado.json,amza8,10/02,76.22,,,0,False
amza8_1_260210172216791_ACD_75599_mejorado.json,amza8_1_260210172216791_ACD_75599_mejorado.json,amza8,10/02,65.32,,,0,False
amza8_1_260210172505538_ACD_77041_mejorado.json,amza8_1_260210172505538_ACD_77041_mejorado.json,amza8,10/02,60.85,,,0,False
amza8_1_260210173207415_ACD_80993_mejorado.json,amza8_1_260210173207415_ACD_80993_mejorado.json,amza8,10/02,75.9,,,0,False
amza8_1_260210185638851_ACD_68927_mejorado.json,amza8_1_260210185638851_ACD_68927_mejorado.json,amza8,10/02,91.04,,,0,False
amza8_1_260211110655088_ACD_65929_mejorado.json,amza8_1_260211110655088_ACD_65929_mejorado.json,amza8,11/02,177.29,,,0,True
amza8_1_260211113333602_ACD_49727_mejorado.json,amza8_1_260211113333602_ACD_49727_mejorado.json,amza8,11/02,120.94,,,0,True
amza8_1_260211114941571_ACD_96779_mejorado.json,amza8_1_260211114941571_ACD_96779_mejorado.json,amza8,11/02,82.5,,,0,False
amza8_1_260211120433940_ACD_29965_mejorado.json,amza8_1_260211120433940_ACD_29965_mejorado.json,amza8,11/02,135.84,,,0,False
amza8_1_260211120935669_ACD_40909_mejorado.json,amza8_1_260211120935669_ACD_40909_mejorado.json,amza8,11/02,194.23,,,0,False
amza8_1_260211130804951_ACD_56245_mejorado.json,amza8_1_260211130804951_ACD_56245_mejorado.json,amza8,11/02,78.27,,,0,False
amza8_1_260211131615741_ACD_76559_mejorado.json,amza8_1_260211131615741_ACD_76559_mejorado.json,amza8,11/02,246.7,,,0,True
amza8_1_260211132501379_ACD_04485_mejorado.json,amza8_1_260211132501379_ACD_04485_mejorado.json,amza8,11/02,112.32,,,0,False
amza8_1_260211133207006_ACD_28063_mejorado.json,amza8_1_260211133207006_ACD_28063_mejorado.json,amza8,11/02,93.32,,,0,False
amza8_1_260211140313707_ACD_22067_mejorado.json,amza8_1_260211140313707_ACD_22067_mejorado.json,amza8,11/02,103.97,,,0,False
amza8_1_260211142212281_ACD_77791_mejorado.json,amza8_1_260211142212281_ACD_77791_mejorado.json,amza8,11/02,152.87,,,0,False
amza8_1_260211161212842_ACD_45735_mejorado.json,amza8_1_260211161212842_ACD_45735_mejorado.json,amza8,11/02,190.54,8gb,8gb,1,True
amza8_1_260211181407916_ACD_59337_mejorado.json,amza8_1_260211181407916_ACD_59337_mejorado.json,amza8,11/02,282.4,4gb,4gb,1,False
amza8_1_260211183543391_ACD_87057_mejorado.json,amza8_1_260211183543391_ACD_87057_mejorado.json,amza8,11/02,212.03,4gb,4gb,1,True
amza8_1_260211185337068_ACD_04911_mejorado.json,amza8_1_260211185337068_ACD_04911_mejorado.json,amza8,11/02,139.91,30gb,30gb,1,True
amza8_1_260212120016320_ACD_66273_mejorado.json,amza8_1_260212120016320_ACD_66273_mejorado.json,amza8,12/02,72.9,,,0,True
amza8_1_260212125047807_ACD_60395_mejorado.json,amza8_1_260212125047807_ACD_60395_mejorado.json,amza8,12/02,108.64,,,0,False
amza8_1_260212130002266_ACD_95679_mejorado.json,amza8_1_260212130002266_ACD_95679_mejorado.json,amza8,12/02,135.49,,,0,True
amza8_1_260212135402181_ACD_00951_mejorado.json,amza8_1_260212135402181_ACD_00951_mejorado.json,amza8,12/02,106.28,,,0,False
amza8_1_260212135617458_ACD_10801_mejorado.json,amza8_1_260212135617458_ACD_10801_mejorado.json,amza8,12/02,164.89,,,0,False
amza8_1_260212140051391_ACD_27165_mejorado.json,amza8_1_260212140051391_ACD_27165_mejorado.json,amza8,12/02,68.48,,,0,False
amza8_1_260212140924345_ACD_56073_mejorado.json,amza8_1_260212140924345_ACD_56073_mejorado.json,amza8,12/02,223.54,8gb,8gb,1,False
amza8_1_260212145847671_ACD_14699_mejorado.json,amza8_1_260212145847671_ACD_14699_mejorado.json,amza8,12/02,88.59,,,0,False
amza8_1_260212162529349_ACD_86115_mejorado.json,amza8_1_260212162529349_ACD_86115_mejorado.json,amza8,12/02,125.04,,,0,False
amza8_1_260212163721667_ACD_01653_mejorado.json,amza8_1_260212163721667_ACD_01653_mejorado.json,amza8,12/02,111.78,,,0,False
amza8_1_260212165611947_ACD_27549_mejorado.json,amza8_1_260212165611947_ACD_27549_mejorado.json,amza8,12/02,75.92,,,0,False
amza8_1_260212170133067_ACD_33877_mejorado.json,amza8_1_260212170133067_ACD_33877_mejorado.json,amza8,12/02,79.4,,,0,False
amza8_1_260212170320445_ACD_34907_mejorado.json,amza8_1_260212170320445_ACD_34907_mejorado.json,amza8,12/02,102.65,,,0,False
amza8_1_260212171212583_ACD_39645_mejorado.json,amza8_1_260212171212583_ACD_39645_mejorado.json,amza8,12/02,308.04,,,0,True
amza8_1_260212173539036_ACD_49809_mejorado.json,amza8_1_260212173539036_ACD_49809_mejorado.json,amza8,12/02,146.9,,,0,False
amza8_1_260212184958763_ACD_30143_mejorado.json,amza8_1_260212184958763_ACD_30143_mejorado.json,amza8,12/02,66.1,,,0,False
amza8_1_260213110024586_ACD_97805_mejorado.json,amza8_1_260213110024586_ACD_97805_mejorado.json,amza8,13/02,71.89,,,0,False
amza8_1_260213110150670_ACD_02277_mejorado.json,amza8_1_260213110150670_ACD_02277_mejorado.json,amza8,13/02,56.09,,,0,False
amza8_1_260213110450492_ACD_11467_mejorado.json,amza8_1_260213110450492_ACD_11467_mejorado.json,amza8,13/02,219.91,8gb,8gb,1,False
amza8_1_260213111606769_ACD_51991_mejorado.json,amza8_1_260213111606769_ACD_51991_mejorado.json,amza8,13/02,92.58,,,0,False
amza8_1_260213112357834_ACD_81473_mejorado.json,amza8_1_260213112357834_ACD_81473_mejorado.json,amza8,13/02,115.81,,,0,False
amza8_1_260213114632309_ACD_54491_mejorado.json,amza8_1_260213114632309_ACD_54491_mejorado.json,amza8,13/02,65.61,,,0,False
amza8_1_260213115532641_ACD_80149_mejorado.json,amza8_1_260213115532641_ACD_80149_mejorado.json,amza8,13/02,275.0,,,0,False
amza8_1_260213120047529_ACD_92155_mejorado.json,amza8_1_260213120047529_ACD_92155_mejorado.json,amza8,13/02,170.93,,,0,False
amza8_1_260213121938489_ACD_37693_mejorado.json,amza8_1_260213121938489_ACD_37693_mejorado.json,amza8,13/02,191.8,4gb,4gb,1,False
amza8_1_260213124315289_ACD_59385_mejorado.json,amza8_1_260213124315289_ACD_59385_mejorado.json,amza8,13/02,96.47,,,0,False
amza8_1_260213124538230_ACD_63373_mejorado.json,amza8_1_260213124538230_ACD_63373_mejorado.json,amza8,13/02,70.25,,,0,False
amza8_1_260213124824878_ACD_69153_mejorado.json,amza8_1_260213124824878_ACD_69153_mejorado.json,amza8,13/02,131.81,,,0,False
amza8_1_260213142342681_ACD_89411_mejorado.json,amza8_1_260213142342681_ACD_89411_mejorado.json,amza8,13/02,65.02,,,0,False
amza9_1_260209101348950_ACD_65551_mejorado.json,amza9_1_260209101348950_ACD_65551_mejorado.json,amza9,09/02,66.25,,,0,False
amza9_1_260209103911778_ACD_50715_mejorado.json,amza9_1_260209103911778_ACD_50715_mejorado.json,amza9,09/02,88.56,,,0,False
amza9_1_260209105143900_ACD_95927_mejorado.json,amza9_1_260209105143900_ACD_95927_mejorado.json,amza9,09/02,107.16,,,0,False
amza9_1_260209111329194_ACD_72527_mejorado.json,amza9_1_260209111329194_ACD_72527_mejorado.json,amza9,09/02,99.55,,,0,False
amza9_1_260209112638178_ACD_16911_mejorado.json,amza9_1_260209112638178_ACD_16911_mejorado.json,amza9,09/02,93.91,,,0,False
amza9_1_260209120400273_ACD_23961_mejorado.json,amza9_1_260209120400273_ACD_23961_mejorado.json,amza9,09/02,220.98,4gb,4gb,1,False
amza9_1_260209124557090_ACD_88051_mejorado.json,amza9_1_260209124557090_ACD_88051_mejorado.json,amza9,09/02,105.47,,,0,False
amza9_1_260209130914971_ACD_55881_mejorado.json,amza9_1_260209130914971_ACD_55881_mejorado.json,amza9,09/02,108.52,,,0,False
amza9_1_260209133100229_ACD_23241_mejorado.json,amza9_1_260209133100229_ACD_23241_mejorado.json,amza9,09/02,62.27,,,0,False
amza9_1_260209142149301_MIT_01976_mejorado.json,amza9_1_260209142149301_MIT_01976_mejorado.json,amza9,09/02,79.09,,,0,False
amza9_1_260209142350769_ACD_85163_mejorado.json,amza9_1_260209142350769_ACD_85163_mejorado.json,amza9,09/02,76.92,,,0,False
amza9_1_260209145228283_ACD_66791_mejorado.json,amza9_1_260209145228283_ACD_66791_mejorado.json,amza9,09/02,63.38,,,0,False
amza9_1_260209145506025_ACD_73807_mejorado.json,amza9_1_260209145506025_ACD_73807_mejorado.json,amza9,09/02,90.99,,,0,False
amza9_1_260209145723020_ACD_79305_mejorado.json,amza9_1_260209145723020_ACD_79305_mejorado.json,amza9,09/02,62.42,,,0,False
amza9_1_260210110351428_ACD_89977_mejorado.json,amza9_1_260210110351428_ACD_89977_mejorado.json,amza9,10/02,246.19,,,0,True
amza9_1_260210113126805_ACD_75311_mejorado.json,amza9_1_260210113126805_ACD_75311_mejorado.json,amza9,10/02,68.6,,,0,False
amza9_1_260210130950639_ACD_64281_mejorado.json,amza9_1_260210130950639_ACD_64281_mejorado.json,amza9,10/02,88.31,30gb,30gb,1,False
amza9_1_260210132037740_ACD_93665_mejorado.json,amza9_1_260210132037740_ACD_93665_mejorado.json,amza9,10/02,116.84,,,0,False
amza9_1_260210133648019_ACD_40553_mejorado.json,amza9_1_260210133648019_ACD_40553_mejorado.json,amza9,10/02,197.0,8gb,8gb,1,False
amza9_1_260210134444373_ACD_62777_mejorado.json,amza9_1_260210134444373_ACD_62777_mejorado.json,amza9,10/02,219.1,,,0,False
amza9_1_260210135028910_ACD_78797_mejorado.json,amza9_1_260210135028910_ACD_78797_mejorado.json,amza9,10/02,144.37,,,0,False
amza9_1_260210142132207_MIT_01994_mejorado.json,amza9_1_260210142132207_MIT_01994_mejorado.json,amza9,10/02,73.73,,,0,False
amza9_1_260210142306031_ACD_68187_mejorado.json,amza9_1_260210142306031_ACD_68187_mejorado.json,amza9,10/02,83.72,8gb,8gb,1,False
amza9_1_260211110256005_ACD_53735_mejorado.json,amza9_1_260211110256005_ACD_53735_mejorado.json,amza9,11/02,101.77,,,0,False
amza9_1_260211115301942_ACD_05079_mejorado.json,amza9_1_260211115301942_ACD_05079_mejorado.json,amza9,11/02,62.56,,,0,False
amza9_1_260211121637090_ACD_59169_mejorado.json,amza9_1_260211121637090_ACD_59169_mejorado.json,amza9,11/02,408.34,4gb,4gb,1,True
amza9_1_260211135037344_MIT_01953_mejorado.json,amza9_1_260211135037344_MIT_01953_mejorado.json,amza9,11/02,63.28,,,0,False
amza9_1_260211135539113_ACD_97871_mejorado.json,amza9_1_260211135539113_ACD_97871_mejorado.json,amza9,11/02,133.36,,,0,False
amza9_1_260211135905466_ACD_08973_mejorado.json,amza9_1_260211135905466_ACD_08973_mejorado.json,amza9,11/02,87.06,,,0,False
amza9_1_260211141723352_ACD_65099_mejorado.json,amza9_1_260211141723352_ACD_65099_mejorado.json,amza9,11/02,63.87,,,0,False
amza9_1_260211142813199_ACD_92671_mejorado.json,amza9_1_260211142813199_ACD_92671_mejorado.json,amza9,11/02,79.84,,,0,False
amza9_1_260211143457918_ACD_12593_mejorado.json,amza9_1_260211143457918_ACD_12593_mejorado.json,amza9,11/02,74.72,,,0,False
amza9_1_260211144825549_ACD_57085_mejorado.json,amza9_1_260211144825549_ACD_57085_mejorado.json,amza9,11/02,110.99,,,0,True
amza9_1_260211145104228_ACD_65311_mejorado.json,amza9_1_260211145104228_ACD_65311_mejorado.json,amza9,11/02,121.3,,,0,True
amza9_1_260212103204847_ACD_73087_mejorado.json,amza9_1_260212103204847_ACD_73087_mejorado.json,amza9,12/02,184.51,,,0,True
amza9_1_260212104540487_ACD_12581_mejorado.json,amza9_1_260212104540487_ACD_12581_mejorado.json,amza9,12/02,73.81,,,0,False
amza9_1_260212111534419_ACD_11319_mejorado.json,amza9_1_260212111534419_ACD_11319_mejorado.json,amza9,12/02,135.35,,,0,True
amza9_1_260212114833204_ACD_32727_mejorado.json,amza9_1_260212114833204_ACD_32727_mejorado.json,amza9,12/02,62.07,,,0,False
amza9_1_260212121429804_ACD_98329_mejorado.json,amza9_1_260212121429804_ACD_98329_mejorado.json,amza9,12/02,127.09,4gb,4gb,1,False
amza9_1_260212125713184_ACD_85291_mejorado.json,amza9_1_260212125713184_ACD_85291_mejorado.json,amza9,12/02,64.82,,,0,False
amza9_1_260212125904929_ACD_92657_mejorado.json,amza9_1_260212125904929_ACD_92657_mejorado.json,amza9,12/02,82.94,,,0,False
amza9_1_260212132432017_ACD_87421_mejorado.json,amza9_1_260212132432017_ACD_87421_mejorado.json,amza9,12/02,62.54,,,0,False
amza9_1_260212140606438_MIT_01996_mejorado.json,amza9_1_260212140606438_MIT_01996_mejorado.json,amza9,12/02,146.58,,,0,False
amza9_1_260212141357087_ACD_73493_mejorado.json,amza9_1_260212141357087_ACD_73493_mejorado.json,amza9,12/02,127.42,,,0,False
amza9_1_260212141704532_MIT_01984_mejorado.json,amza9_1_260212141704532_MIT_01984_mejorado.json,amza9,12/02,78.87,,,0,False
amza9_1_260212143220228_ACD_25407_mejorado.json,amza9_1_260212143220228_ACD_25407_mejorado.json,amza9,12/02,231.31,,,0,False
amza9_1_260212145114753_ACD_92969_mejorado.json,amza9_1_260212145114753_ACD_92969_mejorado.json,amza9,12/02,113.59,,,0,False
amza9_1_260213103032545_MIT_01995_mejorado.json,amza9_1_260213103032545_MIT_01995_mejorado.json,amza9,13/02,218.53,,,0,False
amza9_1_260213104725100_ACD_56971_mejorado.json,amza9_1_260213104725100_ACD_56971_mejorado.json,amza9,13/02,226.77,4gb,4gb,1,False
amza9_1_260213105837136_ACD_91603_mejorado.json,amza9_1_260213105837136_ACD_91603_mejorado.json,amza9,13/02,88.14,,,0,False
amza9_1_260213111707205_ACD_56157_mejorado.json,amza9_1_260213111707205_ACD_56157_mejorado.json,amza9,13/02,140.99,,,0,False
amza9_1_260213112428110_ACD_83257_mejorado.json,amza9_1_260213112428110_ACD_83257_mejorado.json,amza9,13/02,105.57,,,0,False
amza9_1_260213112927331_ACD_99867_mejorado.json,amza9_1_260213112927331_ACD_99867_mejorado.json,amza9,13/02,118.94,,,0,False
amza9_1_260213114702486_ACD_55765_mejorado.json,amza9_1_260213114702486_ACD_55765_mejorado.json,amza9,13/02,121.5,,,0,False
amza9_1_260213115258935_ACD_72805_mejorado.json,amza9_1_260213115258935_ACD_72805_mejorado.json,amza9,13/02,93.15,,,0,False
amza9_1_260213120152853_ACD_94077_mejorado.json,amza9_1_260213120152853_ACD_94077_mejorado.json,amza9,13/02,70.74,,,0,False
amza9_1_260213121708670_MIT_01985_mejorado.json,amza9_1_260213121708670_MIT_01985_mejorado.json,amza9,13/02,96.07,4gb,4gb,1,False
amza9_1_260213130952065_ACD_31351_mejorado.json,amza9_1_260213130952065_ACD_31351_mejorado.json,amza9,13/02,102.36,,,0,False
amza9_1_260213131915650_ACD_66629_mejorado.json,amza9_1_260213131915650_ACD_66629_mejorado.json,amza9,13/02,99.46,,,0,False
amza9_1_260213132745667_ACD_96139_mejorado.json,amza9_1_260213132745667_ACD_96139_mejorado.json,amza9,13/02,193.19,,,0,False
amza9_1_260213133656931_ACD_26591_mejorado.json,amza9_1_260213133656931_ACD_26591_mejorado.json,amza9,13/02,91.26,,,0,False
amza9_1_260213134114945_ACD_42059_mejorado.json,amza9_1_260213134114945_ACD_42059_mejorado.json,amza9,13/02,149.02,,,0,False
amza9_1_260213134814166_ACD_67125_mejorado.json,amza9_1_260213134814166_ACD_67125_mejorado.json,amza9,13/02,176.68,4gb,4gb,1,False
amza9_1_260213140952344_ACD_45231_mejorado.json,amza9_1_260213140952344_ACD_45231_mejorado.json,amza9,13/02,87.61,,,0,False
amza9_1_260213142656441_ACD_98135_mejorado.json,amza9_1_260213142656441_ACD_98135_mejorado.json,amza9,13/02,136.5,,,0,False
