archivo,agente,fecha,descuento_dia,duracion_seg,primer_plan
amza10_1_260114104132281_ACD_56261_transcripcion.json,MZA 10,14/01,80%,77,
amza10_1_260114105504419_ACD_95765_transcripcion.json,MZA 10,14/01,80%,80,
amza10_1_260114113207406_ACD_04095_transcripcion.json,MZA 10,14/01,80%,63,
amza10_1_260114113419927_ACD_11387_transcripcion.json,MZA 10,14/01,80%,73,
amza10_1_260114124944985_ACD_54951_transcripcion.json,MZA 10,14/01,80%,143,4gb
amza10_1_260114125353919_ACD_64431_transcripcion.json,MZA 10,14/01,80%,153,
amza10_1_260114132611052_ACD_63313_transcripcion.json,MZA 10,14/01,80%,272,
amza10_1_260114134139941_ACD_07759_transcripcion.json,MZA 10,14/01,80%,75,
amza10_1_260114140315713_ACD_70985_transcripcion.json,MZA 10,14/01,80%,82,
amza10_1_260115103249990_ACD_17399_transcripcion.json,MZA 10,15/01,80%,101,
amza10_1_260115111700397_ACD_54205_transcripcion.json,MZA 10,15/01,80%,88,
amza10_1_260115112256183_ACD_74349_transcripcion.json,MZA 10,15/01,80%,60,
amza10_1_260115113354341_ACD_11239_transcripcion.json,MZA 10,15/01,80%,293,
amza10_1_260115114837561_ACD_64753_transcripcion.json,MZA 10,15/01,80%,68,
amza10_1_260115120408920_ACD_11749_transcripcion.json,MZA 10,15/01,80%,123,
amza10_1_260115121741827_ACD_49231_transcripcion.json,MZA 10,15/01,80%,66,
amza10_1_260115122005363_ACD_56613_transcripcion.json,MZA 10,15/01,80%,111,8gb
amza10_1_260115124501544_ACD_80611_transcripcion.json,MZA 10,15/01,80%,94,
amza10_1_260115125545972_ACD_07403_transcripcion.json,MZA 10,15/01,80%,79,
amza10_1_260115130434697_ACD_36343_transcripcion.json,MZA 10,15/01,80%,72,
amza10_1_260115131253660_MIT_01998_transcripcion.json,MZA 10,15/01,80%,163,
amza10_1_260115131730362_ACD_75707_transcripcion.json,MZA 10,15/01,80%,63,
amza10_1_260115132247109_ACD_90665_transcripcion.json,MZA 10,15/01,80%,136,
amza10_1_260115132650376_ACD_01987_transcripcion.json,MZA 10,15/01,80%,124,
amza10_1_260115132957223_ACD_11141_transcripcion.json,MZA 10,15/01,80%,97,
amza10_1_260115133811335_ACD_37565_transcripcion.json,MZA 10,15/01,80%,67,
amza10_1_260115144605753_MIT_01989_transcripcion.json,MZA 10,15/01,80%,77,
amza10_1_260116103525710_ACD_20091_transcripcion.json,MZA 10,16/01,80%,317,4gb
amza10_1_260116104715283_ACD_67947_transcripcion.json,MZA 10,16/01,80%,215,
amza10_1_260116105156314_ACD_84381_transcripcion.json,MZA 10,16/01,80%,64,
amza10_1_260116110411925_ACD_26687_transcripcion.json,MZA 10,16/01,80%,73,
amza10_1_260116121959174_ACD_53865_transcripcion.json,MZA 10,16/01,80%,138,
amza10_1_260116124726066_ACD_97605_transcripcion.json,MZA 10,16/01,80%,79,
amza10_1_260116141102535_ACD_91115_transcripcion.json,MZA 10,16/01,80%,62,
amza10_1_260116141415955_ACD_04401_transcripcion.json,MZA 10,16/01,80%,71,
amza13_1_260113120009354_ACD_12541_transcripcion.json,MZA 13,13/01,80%,89,
amza13_1_260113121500733_ACD_54895_transcripcion.json,MZA 13,13/01,80%,175,
amza13_1_260113124556006_ACD_98689_transcripcion.json,MZA 13,13/01,80%,116,
amza13_1_260113132029698_ACD_01661_transcripcion.json,MZA 13,13/01,80%,140,
amza13_1_260113132953286_ACD_30859_transcripcion.json,MZA 13,13/01,80%,206,4gb
amza13_1_260113141354723_ACD_88353_transcripcion.json,MZA 13,13/01,80%,155,4gb
amza13_1_260114103809409_ACD_45931_transcripcion.json,MZA 13,14/01,80%,215,
amza13_1_260115114640023_ACD_58723_transcripcion.json,MZA 13,15/01,80%,165,
amza13_1_260115121114494_ACD_29881_transcripcion.json,MZA 13,15/01,80%,793,30gb
amza13_1_260115133547757_ACD_29795_transcripcion.json,MZA 13,15/01,80%,75,
amza13_1_260115140735516_ACD_38929_transcripcion.json,MZA 13,15/01,80%,89,
amza13_1_260116113600073_ACD_41349_transcripcion.json,MZA 13,16/01,80%,105,
amza13_1_260116121207517_ACD_43699_transcripcion.json,MZA 13,16/01,80%,296,
amza13_1_260116124731069_ACD_97879_transcripcion.json,MZA 13,16/01,80%,69,
amza13_1_260116131035438_ACD_81183_transcripcion.json,MZA 13,16/01,80%,67,
amza13_1_260116134749646_ACD_03135_transcripcion.json,MZA 13,16/01,80%,120,
amza13_1_260116135430035_ACD_29399_transcripcion.json,MZA 13,16/01,80%,67,
amza13_1_260116144136273_ACD_93823_transcripcion.json,MZA 13,16/01,80%,91,
amza13_2_260116104127100_ACD_47085_transcripcion.json,MZA 13,16/01,80%,561,
amza14_1_260113145417703_ACD_25201_transcripcion.json,MZA 14,13/01,80%,63,
amza14_1_260114114233713_ACD_36477_transcripcion.json,MZA 14,14/01,80%,86,
amza14_1_260114115009698_ACD_58419_transcripcion.json,MZA 14,14/01,80%,70,
amza14_1_260114115532837_ACD_70665_transcripcion.json,MZA 14,14/01,80%,73,
amza14_1_260115111748863_MIT_01984_transcripcion.json,MZA 14,15/01,80%,182,
amza14_1_260115131730362_ACD_75687_transcripcion.json,MZA 14,15/01,80%,251,
amza14_1_260115143139660_ACD_24695_transcripcion.json,MZA 14,15/01,80%,60,
amza14_1_260116110529492_ACD_31645_transcripcion.json,MZA 14,16/01,80%,60,
amza14_1_260116114817653_ACD_84327_transcripcion.json,MZA 14,16/01,80%,89,8gb
amza14_1_260116133648350_ACD_62969_transcripcion.json,MZA 14,16/01,80%,68,
amza14_1_260116142409206_ACD_36761_transcripcion.json,MZA 14,16/01,80%,99,
amza15_1_260113103241173_ACD_44071_transcripcion.json,MZA 15,13/01,80%,210,
amza15_1_260113103929970_ACD_62935_transcripcion.json,MZA 15,13/01,80%,61,
amza15_1_260113111255195_ACD_73769_transcripcion.json,MZA 15,13/01,80%,91,8gb
amza15_1_260113114947845_ACD_84643_transcripcion.json,MZA 15,13/01,80%,116,4gb
amza15_1_260113120531150_ACD_26559_transcripcion.json,MZA 15,13/01,80%,86,
amza15_1_260113121109698_ACD_42453_transcripcion.json,MZA 15,13/01,80%,71,
amza15_1_260113124606063_ACD_98937_transcripcion.json,MZA 15,13/01,80%,61,
amza15_1_260113130216554_ACD_43167_transcripcion.json,MZA 15,13/01,80%,131,
amza15_1_260113130714896_ACD_58739_transcripcion.json,MZA 15,13/01,80%,113,
amza15_1_260113132319328_ACD_10387_transcripcion.json,MZA 15,13/01,80%,121,8gb
amza15_1_260113134717542_ACD_89125_transcripcion.json,MZA 15,13/01,80%,88,
amza15_1_260113143342090_ACD_52029_transcripcion.json,MZA 15,13/01,80%,84,
amza16_1_260114120826347_MIT_01966_transcripcion.json,MZA 16,14/01,80%,72,
amza16_1_260115112332485_ACD_76615_transcripcion.json,MZA 16,15/01,80%,62,
amza16_1_260115125458780_ACD_04625_transcripcion.json,MZA 16,15/01,80%,75,
amza16_1_260115131526984_ACD_69297_transcripcion.json,MZA 16,15/01,80%,65,
amza16_1_260115133318042_ACD_21591_transcripcion.json,MZA 16,15/01,80%,96,
amza16_1_260115142955245_ACD_17813_transcripcion.json,MZA 16,15/01,80%,1163,8gb
amza16_1_260116104346608_ACD_55163_transcripcion.json,MZA 16,16/01,80%,90,4gb
amza16_1_260116110336802_ACD_24797_transcripcion.json,MZA 16,16/01,80%,308,8gb
amza16_1_260116125014905_ACD_07879_transcripcion.json,MZA 16,16/01,80%,70,
amza16_1_260116130323704_ACD_57459_transcripcion.json,MZA 16,16/01,80%,1634,15gb
amza16_1_260116142850273_MIT_01961_transcripcion.json,MZA 16,16/01,80%,475,
amza16_1_260116143715726_MIT_01988_transcripcion.json,MZA 16,16/01,80%,169,
amza16_1_260116144028233_MIT_01973_transcripcion.json,MZA 16,16/01,80%,268,4gb
amza18_1_260113125740552_ACD_28847_transcripcion.json,MZA 18,13/01,80%,66,
amza18_1_260113131423665_ACD_82261_transcripcion.json,MZA 18,13/01,80%,176,8gb
amza18_1_260113145104408_ACD_14499_transcripcion.json,MZA 18,13/01,80%,108,
amza18_1_260113145509955_ACD_28647_transcripcion.json,MZA 18,13/01,80%,72,
amza18_1_260114103754035_MIT_01977_transcripcion.json,MZA 18,14/01,80%,171,
amza18_1_260114111820774_ACD_61669_transcripcion.json,MZA 18,14/01,80%,71,
amza18_1_260114112903385_ACD_94081_transcripcion.json,MZA 18,14/01,80%,83,
amza18_1_260114125439020_ACD_66243_transcripcion.json,MZA 18,14/01,80%,103,
amza19_1_260113132646440_ACD_21931_transcripcion.json,MZA 19,13/01,80%,101,
amza19_1_260113133707536_ACD_54777_transcripcion.json,MZA 19,13/01,80%,97,
amza19_1_260115103449425_MIT_01965_transcripcion.json,MZA 19,15/01,80%,329,
amza19_1_260115114057520_ACD_36631_transcripcion.json,MZA 19,15/01,80%,60,
amza19_1_260115130514986_ACD_38247_transcripcion.json,MZA 19,15/01,80%,125,
amza19_1_260116112430753_ACD_02903_transcripcion.json,MZA 19,16/01,80%,88,
amza1_1_260113121259242_MIT_01998_transcripcion.json,MZA 1,13/01,80%,65,
amza1_1_260113130130502_ACD_40719_transcripcion.json,MZA 1,13/01,80%,68,
amza1_1_260113131331567_ACD_79133_transcripcion.json,MZA 1,13/01,80%,72,
amza1_1_260113141900631_ACD_05113_transcripcion.json,MZA 1,13/01,80%,196,8gb
amza1_1_260114112208314_ACD_73097_transcripcion.json,MZA 1,14/01,80%,109,
amza1_1_260114112453788_ACD_81463_transcripcion.json,MZA 1,14/01,80%,141,
amza1_1_260114114218698_ACD_35743_transcripcion.json,MZA 1,14/01,80%,71,
amza1_1_260114114954624_ACD_57757_transcripcion.json,MZA 1,14/01,80%,99,
amza1_1_260114124208485_ACD_45857_transcripcion.json,MZA 1,14/01,80%,84,
amza1_1_260114125332851_ACD_63763_transcripcion.json,MZA 1,14/01,80%,62,
amza1_1_260114133744766_ACD_97065_transcripcion.json,MZA 1,14/01,80%,776,8gb
amza1_1_260114144333915_ACD_88671_transcripcion.json,MZA 1,14/01,80%,114,
amza1_1_260115131211238_MIT_01956_transcripcion.json,MZA 1,15/01,80%,292,
amza1_1_260115134850509_ACD_72581_transcripcion.json,MZA 1,15/01,80%,62,
amza1_1_260115135022935_ACD_77073_transcripcion.json,MZA 1,15/01,80%,131,
amza1_1_260116103249080_ACD_08863_transcripcion.json,MZA 1,16/01,80%,112,
amza1_1_260116111105134_ACD_52343_transcripcion.json,MZA 1,16/01,80%,61,
amza1_1_260116125543500_ACD_28331_transcripcion.json,MZA 1,16/01,80%,174,8gb
amza1_1_260116130338731_ACD_58175_transcripcion.json,MZA 1,16/01,80%,152,
amza1_1_260116133703439_ACD_63817_transcripcion.json,MZA 1,16/01,80%,140,8gb
amza1_1_260116140436429_MIT_01961_transcripcion.json,MZA 1,16/01,80%,62,
amza1_1_260116140722540_ACD_77569_transcripcion.json,MZA 1,16/01,80%,60,
amza1_1_260116142359117_ACD_36445_transcripcion.json,MZA 1,16/01,80%,147,
amza1_1_260116145723396_ACD_47999_transcripcion.json,MZA 1,16/01,80%,69,
amza20_1_260113104111430_ACD_67763_transcripcion.json,MZA 20,13/01,80%,67,
amza20_1_260113114947848_ACD_84725_transcripcion.json,MZA 20,13/01,80%,91,
amza20_1_260113115201221_ACD_90411_transcripcion.json,MZA 20,13/01,80%,77,
amza20_1_260113124535880_ACD_98043_transcripcion.json,MZA 20,13/01,80%,384,
amza20_1_260113131534146_ACD_85647_transcripcion.json,MZA 20,13/01,80%,66,
amza20_1_260113135143300_ACD_02485_transcripcion.json,MZA 20,13/01,80%,110,4gb
amza20_1_260113141537369_ACD_94709_transcripcion.json,MZA 20,13/01,80%,90,
amza20_1_260113145411711_ACD_24875_transcripcion.json,MZA 20,13/01,80%,65,
amza20_1_260114111716681_ACD_58617_transcripcion.json,MZA 20,14/01,80%,84,
amza20_1_260114112607107_ACD_85413_transcripcion.json,MZA 20,14/01,80%,1051,4gb
amza20_1_260114121316644_MIT_01970_transcripcion.json,MZA 20,14/01,80%,104,
amza20_1_260114131320501_ACD_26739_transcripcion.json,MZA 20,14/01,80%,70,
amza20_1_260114131913005_ACD_44187_transcripcion.json,MZA 20,14/01,80%,204,
amza20_1_260114133556396_ACD_92109_transcripcion.json,MZA 20,14/01,80%,63,
amza20_1_260114134737343_ACD_24485_transcripcion.json,MZA 20,14/01,80%,275,
amza20_1_260114142305716_ACD_30719_transcripcion.json,MZA 20,14/01,80%,65,
amza20_1_260115111742436_ACD_56515_transcripcion.json,MZA 20,15/01,80%,116,8gb
amza20_1_260115115118226_ACD_72869_transcripcion.json,MZA 20,15/01,80%,901,
amza20_1_260115120942224_ACD_25687_transcripcion.json,MZA 20,15/01,80%,222,8gb
amza20_1_260115131816723_ACD_78065_transcripcion.json,MZA 20,15/01,80%,82,
amza20_1_260115132252114_ACD_91059_transcripcion.json,MZA 20,15/01,80%,228,
amza20_1_260115134151168_ACD_49443_transcripcion.json,MZA 20,15/01,80%,539,8gb
amza20_1_260115143920457_ACD_49073_transcripcion.json,MZA 20,15/01,80%,148,
amza20_1_260115144521932_ACD_67953_transcripcion.json,MZA 20,15/01,80%,136,
amza20_1_260115150052771_ACD_12699_transcripcion.json,MZA 20,15/01,80%,125,8gb
amza20_1_260116104858629_ACD_73595_transcripcion.json,MZA 20,16/01,80%,103,4gb
amza20_1_260116105528926_ACD_96767_transcripcion.json,MZA 20,16/01,80%,474,
amza20_1_260116110443179_ACD_28349_transcripcion.json,MZA 20,16/01,80%,175,
amza20_1_260116113437460_ACD_36831_transcripcion.json,MZA 20,16/01,80%,87,4gb
amza20_1_260116125157575_ACD_13565_transcripcion.json,MZA 20,16/01,80%,73,
amza20_1_260116130722711_ACD_70123_transcripcion.json,MZA 20,16/01,80%,106,8gb
amza20_1_260116131706829_ACD_01773_transcripcion.json,MZA 20,16/01,80%,213,
amza21_1_260113110948110_ACD_62635_transcripcion.json,MZA 21,13/01,80%,276,8gb
amza21_1_260113120718696_ACD_31235_transcripcion.json,MZA 21,13/01,80%,63,
amza21_1_260113132040742_ACD_02047_transcripcion.json,MZA 21,13/01,80%,77,
amza21_1_260114105906268_ACD_07043_transcripcion.json,MZA 21,14/01,80%,181,
amza21_1_260114133354512_ACD_86289_transcripcion.json,MZA 21,14/01,80%,78,
amza21_1_260114140852419_ACD_86999_transcripcion.json,MZA 21,14/01,80%,125,
amza21_1_260115104430691_MIT_01989_transcripcion.json,MZA 21,15/01,80%,346,8gb
amza21_1_260115145510878_MIT_01968_transcripcion.json,MZA 21,15/01,80%,212,8gb
amza21_1_260116105437292_MIT_01952_transcripcion.json,MZA 21,16/01,80%,64,
amza22_1_260113105114810_ACD_98945_transcripcion.json,MZA 22,13/01,80%,242,
amza22_1_260113120531150_ACD_26579_transcripcion.json,MZA 22,13/01,80%,171,4gb
amza22_1_260113121304071_ACD_48527_transcripcion.json,MZA 22,13/01,80%,357,
amza22_1_260113125116970_ACD_08841_transcripcion.json,MZA 22,13/01,80%,85,
amza22_1_260113132045760_ACD_02373_transcripcion.json,MZA 22,13/01,80%,566,
amza22_1_260113133547146_ACD_50377_transcripcion.json,MZA 22,13/01,80%,234,8gb
amza22_1_260113142434126_ACD_21313_transcripcion.json,MZA 22,13/01,80%,101,8gb
amza22_1_260113145149804_ACD_16949_transcripcion.json,MZA 22,13/01,80%,75,
amza22_1_260114112536892_ACD_84033_transcripcion.json,MZA 22,14/01,80%,317,
amza22_1_260114121107132_ACD_06303_transcripcion.json,MZA 22,14/01,80%,83,
amza22_1_260114142905348_ACD_50235_transcripcion.json,MZA 22,14/01,80%,133,
amza22_1_260115110231559_ACD_02021_transcripcion.json,MZA 22,15/01,80%,282,8gb
amza22_1_260115112106403_ACD_67769_transcripcion.json,MZA 22,15/01,80%,279,
amza22_1_260115113505534_ACD_14479_transcripcion.json,MZA 22,15/01,80%,72,
amza22_1_260115115341025_ACD_80147_transcripcion.json,MZA 22,15/01,80%,73,
amza22_1_260115145145928_ACD_87357_transcripcion.json,MZA 22,15/01,80%,108,
amza22_1_260116120301286_ACD_28767_transcripcion.json,MZA 22,16/01,80%,133,
amza22_1_260116134412742_MIT_01988_transcripcion.json,MZA 22,16/01,80%,167,
amza23_1_260115110720327_ACD_19053_transcripcion.json,MZA 23,15/01,80%,177,4gb
amza23_1_260115113130797_ACD_04135_transcripcion.json,MZA 23,15/01,80%,60,
amza23_1_260115115605686_ACD_87941_transcripcion.json,MZA 23,15/01,80%,65,
amza23_1_260115120328699_ACD_09979_transcripcion.json,MZA 23,15/01,80%,63,
amza23_1_260115132111074_ACD_85697_transcripcion.json,MZA 23,15/01,80%,100,
amza23_1_260115140755753_ACD_40427_transcripcion.json,MZA 23,15/01,80%,66,
amza23_1_260115141911327_ACD_82897_transcripcion.json,MZA 23,15/01,80%,72,
amza23_1_260115142422286_ACD_97691_transcripcion.json,MZA 23,15/01,80%,89,
amza23_1_260116102700987_ACD_83715_transcripcion.json,MZA 23,16/01,80%,105,8gb
amza23_1_260116114608620_MIT_01982_transcripcion.json,MZA 23,16/01,80%,64,
amza23_1_260116115931253_ACD_18891_transcripcion.json,MZA 23,16/01,80%,62,
amza23_1_260116120806917_ACD_38807_transcripcion.json,MZA 23,16/01,80%,98,
amza23_1_260116133345595_ACD_53363_transcripcion.json,MZA 23,16/01,80%,62,
amza23_1_260116133633224_ACD_62067_transcripcion.json,MZA 23,16/01,80%,197,
amza23_1_260116141805304_MIT_01985_transcripcion.json,MZA 23,16/01,80%,961,8gb
amza23_1_260116181543773_MIT_01986_transcripcion.json,MZA 23,16/01,80%,75,
amza23_1_260116181731632_MIT_01976_transcripcion.json,MZA 23,16/01,80%,138,
amza24_1_260113104334990_ACD_74067_transcripcion.json,MZA 24,13/01,80%,79,
amza24_1_260113121532858_ACD_56159_transcripcion.json,MZA 24,13/01,80%,115,8gb
amza24_1_260113124611094_ACD_99057_transcripcion.json,MZA 24,13/01,80%,123,8gb
amza24_1_260113131448811_ACD_83403_transcripcion.json,MZA 24,13/01,80%,492,8gb
amza24_1_260113132938242_ACD_30087_transcripcion.json,MZA 24,13/01,80%,134,8gb
amza24_1_260113133220008_ACD_38813_transcripcion.json,MZA 24,13/01,80%,63,
amza24_1_260113144541041_ACD_94645_transcripcion.json,MZA 24,13/01,80%,108,8gb
amza24_1_260113144958951_ACD_10577_transcripcion.json,MZA 24,13/01,80%,82,8gb
amza24_1_260113145200832_ACD_17601_transcripcion.json,MZA 24,13/01,80%,77,8gb
amza24_1_260114104345995_ACD_63121_transcripcion.json,MZA 24,14/01,80%,862,8gb
amza24_1_260114110414691_ACD_21239_transcripcion.json,MZA 24,14/01,80%,171,
amza24_1_260114112147310_ACD_72171_transcripcion.json,MZA 24,14/01,80%,210,8gb
amza24_1_260114112924435_ACD_95257_transcripcion.json,MZA 24,14/01,80%,69,
amza24_1_260114114402453_ACD_41255_transcripcion.json,MZA 24,14/01,80%,86,
amza24_1_260114133835995_ACD_99329_transcripcion.json,MZA 24,14/01,80%,126,
amza24_1_260114140213785_MIT_01982_transcripcion.json,MZA 24,14/01,80%,63,
amza24_1_260115103800186_ACD_31793_transcripcion.json,MZA 24,15/01,80%,75,
amza24_1_260115105349985_ACD_75553_transcripcion.json,MZA 24,15/01,80%,80,
amza24_1_260115105657874_ACD_84739_transcripcion.json,MZA 24,15/01,80%,80,
amza24_1_260115105900497_ACD_90911_transcripcion.json,MZA 24,15/01,80%,70,8gb
amza24_1_260115110628153_ACD_15931_transcripcion.json,MZA 24,15/01,80%,64,
amza24_1_260115111536169_ACD_49243_transcripcion.json,MZA 24,15/01,80%,79,8gb
amza24_1_260115113804435_ACD_24775_transcripcion.json,MZA 24,15/01,80%,90,8gb
amza24_1_260115114046476_ACD_35819_transcripcion.json,MZA 24,15/01,80%,173,
amza24_1_260115115138399_ACD_73901_transcripcion.json,MZA 24,15/01,80%,123,8gb
amza24_1_260115121349757_ACD_37833_transcripcion.json,MZA 24,15/01,80%,212,
amza24_1_260115124506580_ACD_80787_transcripcion.json,MZA 24,15/01,80%,119,
amza24_1_260115124813342_ACD_86179_transcripcion.json,MZA 24,15/01,80%,175,8gb
amza24_1_260115125513904_ACD_05545_transcripcion.json,MZA 24,15/01,80%,978,8gb
amza24_1_260115131613152_ACD_71569_transcripcion.json,MZA 24,15/01,80%,113,8gb
amza24_1_260115133603381_ACD_30777_transcripcion.json,MZA 24,15/01,80%,95,
amza24_1_260115145816427_ACD_06893_transcripcion.json,MZA 24,15/01,80%,73,
amza24_1_260116103203902_ACD_05733_transcripcion.json,MZA 24,16/01,80%,93,8gb
amza24_1_260116103654995_ACD_26341_transcripcion.json,MZA 24,16/01,80%,158,8gb
amza24_1_260116115803752_ACD_14423_transcripcion.json,MZA 24,16/01,80%,152,
amza24_1_260116135430035_ACD_29407_transcripcion.json,MZA 24,16/01,80%,84,8gb
amza24_1_260116144541234_ACD_07857_transcripcion.json,MZA 24,16/01,80%,73,8gb
amza24_1_260116150547492_MIT_01993_transcripcion.json,MZA 24,16/01,80%,179,8gb
amza25_1_260113130319737_ACD_46317_transcripcion.json,MZA 25,13/01,80%,79,
amza25_1_260113134102288_ACD_68825_transcripcion.json,MZA 25,13/01,80%,67,
amza25_1_260114121203338_ACD_08347_transcripcion.json,MZA 25,14/01,80%,79,
amza26_1_260113142813197_ACD_32737_transcripcion.json,MZA 26,13/01,80%,128,
amza26_1_260113143855320_ACD_68969_transcripcion.json,MZA 26,13/01,80%,211,
amza26_1_260113145530017_ACD_29711_transcripcion.json,MZA 26,13/01,80%,74,
amza26_1_260114143259502_ACD_59513_transcripcion.json,MZA 26,14/01,80%,147,
amza26_1_260114143627597_ACD_68391_transcripcion.json,MZA 26,14/01,80%,87,
amza26_1_260115112041263_ACD_66325_transcripcion.json,MZA 26,15/01,80%,132,
amza26_1_260115113211004_ACD_06211_transcripcion.json,MZA 26,15/01,80%,134,
amza26_1_260115114429433_ACD_50435_transcripcion.json,MZA 26,15/01,80%,158,
amza26_1_260115135022935_ACD_76987_transcripcion.json,MZA 26,15/01,80%,79,
amza26_1_260115140619200_ACD_33833_transcripcion.json,MZA 26,15/01,80%,146,
amza26_1_260115141931407_ACD_83909_transcripcion.json,MZA 26,15/01,80%,62,
amza26_1_260115143531522_ACD_37757_transcripcion.json,MZA 26,15/01,80%,111,
amza26_1_260116102313809_ACD_69179_transcripcion.json,MZA 26,16/01,80%,119,
amza26_1_260116115748739_ACD_13757_transcripcion.json,MZA 26,16/01,80%,212,
amza26_1_260116142612590_ACD_42055_transcripcion.json,MZA 26,16/01,80%,92,
amza26_1_260116145103893_ACD_28083_transcripcion.json,MZA 26,16/01,80%,155,
amza27_1_260114141429169_ACD_05029_transcripcion.json,MZA 27,14/01,80%,82,
amza27_1_260114142037171_ACD_23483_transcripcion.json,MZA 27,14/01,80%,84,
amza27_1_260115110837003_MIT_01956_transcripcion.json,MZA 27,15/01,80%,62,
amza27_1_260115114817435_ACD_63705_transcripcion.json,MZA 27,15/01,80%,168,
amza27_1_260115120632568_ACD_17747_transcripcion.json,MZA 27,15/01,80%,88,
amza27_1_260115121344718_ACD_37685_transcripcion.json,MZA 27,15/01,80%,99,
amza27_1_260115121641701_ACD_45965_transcripcion.json,MZA 27,15/01,80%,62,
amza27_1_260115131610738_MIT_01964_transcripcion.json,MZA 27,15/01,80%,68,
amza27_1_260115132456868_ACD_97147_transcripcion.json,MZA 27,15/01,80%,1187,
amza27_1_260115141846084_ACD_81091_transcripcion.json,MZA 27,15/01,80%,101,
amza27_1_260116112409686_ACD_01697_transcripcion.json,MZA 27,16/01,80%,161,
amza27_1_260116112822771_ACD_17413_transcripcion.json,MZA 27,16/01,80%,65,
amza27_1_260116113016436_ACD_23881_transcripcion.json,MZA 27,16/01,80%,122,
amza27_1_260116114921703_ACD_87945_transcripcion.json,MZA 27,16/01,80%,112,
amza27_1_260116120750920_ACD_38463_transcripcion.json,MZA 27,16/01,80%,78,
amza27_1_260116120958167_ACD_40805_transcripcion.json,MZA 27,16/01,80%,137,
amza27_1_260116145819554_ACD_50803_transcripcion.json,MZA 27,16/01,80%,75,
amza28_1_260113141116735_ACD_78103_transcripcion.json,MZA 28,13/01,80%,293,
amza28_1_260113143541604_ACD_58975_transcripcion.json,MZA 28,13/01,80%,73,
amza28_1_260113145149804_ACD_16947_transcripcion.json,MZA 28,13/01,80%,80,
amza28_1_260114145435591_ACD_25117_transcripcion.json,MZA 28,14/01,80%,89,
amza28_1_260115110730802_MIT_01948_transcripcion.json,MZA 28,15/01,80%,162,
amza28_1_260115120156444_ACD_06427_transcripcion.json,MZA 28,15/01,80%,118,
amza28_1_260115131745565_ACD_76467_transcripcion.json,MZA 28,15/01,80%,239,
amza28_1_260115132718416_ACD_03227_transcripcion.json,MZA 28,15/01,80%,663,
amza28_1_260116120220170_ACD_27007_transcripcion.json,MZA 28,16/01,80%,60,
amza28_2_260115132718416_ACD_03227_transcripcion.json,MZA 28,15/01,80%,663,
amza29_1_260113141050603_ACD_76249_transcripcion.json,MZA 29,13/01,80%,78,
amza29_1_260113141739024_ACD_00813_transcripcion.json,MZA 29,13/01,80%,69,
amza29_1_260113143803113_ACD_66149_transcripcion.json,MZA 29,13/01,80%,71,
amza29_1_260114141313657_ACD_00959_transcripcion.json,MZA 29,14/01,80%,82,
amza29_1_260114144313723_ACD_87757_transcripcion.json,MZA 29,14/01,80%,71,
amza29_1_260115111313144_ACD_40223_transcripcion.json,MZA 29,15/01,80%,93,
amza29_1_260115115330952_ACD_79583_transcripcion.json,MZA 29,15/01,80%,124,
amza29_1_260115120557321_ACD_16147_transcripcion.json,MZA 29,15/01,80%,67,
amza29_1_260115133457292_ACD_26947_transcripcion.json,MZA 29,15/01,80%,75,
amza29_1_260115140140365_ACD_16321_transcripcion.json,MZA 29,15/01,80%,81,8gb
amza29_1_260115145344409_ACD_93877_transcripcion.json,MZA 29,15/01,80%,218,
amza29_1_260115145949554_ACD_11449_transcripcion.json,MZA 29,15/01,80%,65,
amza29_1_260116102432982_ACD_74889_transcripcion.json,MZA 29,16/01,80%,167,
amza29_1_260116111700142_ACD_74021_transcripcion.json,MZA 29,16/01,80%,89,
amza29_1_260116113610129_ACD_41839_transcripcion.json,MZA 29,16/01,80%,70,
amza29_1_260116134339330_ACD_87387_transcripcion.json,MZA 29,16/01,80%,87,
amza29_1_260116142647869_ACD_44045_transcripcion.json,MZA 29,16/01,80%,81,
amza29_1_260116143248672_ACD_64135_transcripcion.json,MZA 29,16/01,80%,197,
amza29_1_260116144136273_ACD_93859_transcripcion.json,MZA 29,16/01,80%,0,
amza2_1_260114102722441_MIT_01993_transcripcion.json,MZA 2,14/01,80%,999,
amza2_1_260114121712144_MIT_01997_transcripcion.json,MZA 2,14/01,80%,639,
amza2_1_260114145720722_MIT_01978_transcripcion.json,MZA 2,14/01,80%,251,
amza2_1_260115102330691_MIT_01954_transcripcion.json,MZA 2,15/01,80%,132,8gb
amza2_1_260115124905516_ACD_87481_transcripcion.json,MZA 2,15/01,80%,94,
amza2_1_260115130101104_ACD_25301_transcripcion.json,MZA 2,15/01,80%,244,
amza2_1_260115141816000_ACD_79449_transcripcion.json,MZA 2,15/01,80%,76,
amza2_1_260116103612849_ACD_22965_transcripcion.json,MZA 2,16/01,80%,66,
amza2_1_260116113933901_ACD_53939_transcripcion.json,MZA 2,16/01,80%,2075,8gb
amza2_1_260116133728521_ACD_64991_transcripcion.json,MZA 2,16/01,80%,81,
amza2_2_260116113933901_ACD_53939_transcripcion.json,MZA 2,16/01,80%,2075,
amza30_1_260113140542912_ACD_54497_transcripcion.json,MZA 30,13/01,80%,70,
amza30_1_260114143041796_ACD_54587_transcripcion.json,MZA 30,14/01,80%,211,
amza30_1_260114143811103_ACD_72743_transcripcion.json,MZA 30,14/01,80%,80,
amza30_1_260115113804435_ACD_24863_transcripcion.json,MZA 30,15/01,80%,68,
amza30_1_260115115753044_ACD_93547_transcripcion.json,MZA 30,15/01,80%,77,
amza30_1_260115120031059_ACD_02515_transcripcion.json,MZA 30,15/01,80%,81,
amza30_1_260115120232524_ACD_07777_transcripcion.json,MZA 30,15/01,80%,82,
amza30_1_260115120734770_ACD_20581_transcripcion.json,MZA 30,15/01,80%,121,
amza30_1_260115130359479_ACD_34575_transcripcion.json,MZA 30,15/01,80%,61,
amza30_1_260115133221758_ACD_18713_transcripcion.json,MZA 30,15/01,80%,74,
amza30_1_260115133537718_ACD_29251_transcripcion.json,MZA 30,15/01,80%,137,8gb
amza30_1_260115134823513_ACD_71197_transcripcion.json,MZA 30,15/01,80%,77,
amza30_1_260115142016129_MIT_01990_transcripcion.json,MZA 30,15/01,80%,393,
amza30_1_260115144537006_ACD_69023_transcripcion.json,MZA 30,15/01,80%,123,
amza313_1_260113112517049_ACD_12259_transcripcion.json,MZA 313,13/01,80%,640,
amza313_1_260113115540841_ACD_00399_transcripcion.json,MZA 313,13/01,80%,70,
amza313_1_260113124353499_ACD_94597_transcripcion.json,MZA 313,13/01,80%,124,
amza313_1_260113124707250_ACD_00565_transcripcion.json,MZA 313,13/01,80%,835,8gb
amza313_1_260113131214321_ACD_74763_transcripcion.json,MZA 313,13/01,80%,321,4gb
amza313_1_260113135335089_ACD_09001_transcripcion.json,MZA 313,13/01,80%,92,
amza313_1_260113140116923_ACD_37891_transcripcion.json,MZA 313,13/01,80%,119,
amza313_1_260114110054613_ACD_11965_transcripcion.json,MZA 313,14/01,80%,72,8gb
amza313_1_260114130206218_ACD_90065_transcripcion.json,MZA 313,14/01,80%,115,
amza313_1_260114145140735_ACD_15991_transcripcion.json,MZA 313,14/01,80%,63,
amza313_1_260115104145581_MIT_01986_transcripcion.json,MZA 313,15/01,80%,812,8gb
amza313_1_260115111434905_ACD_45793_transcripcion.json,MZA 313,15/01,80%,204,
amza313_1_260115112428817_ACD_80387_transcripcion.json,MZA 313,15/01,80%,286,
amza313_1_260115133318042_ACD_21579_transcripcion.json,MZA 313,15/01,80%,107,4gb
amza313_1_260116102721991_ACD_85239_transcripcion.json,MZA 313,16/01,80%,103,
amza313_1_260116113442479_ACD_37043_transcripcion.json,MZA 313,16/01,80%,119,
amza313_1_260116115828881_ACD_15925_transcripcion.json,MZA 313,16/01,80%,74,
amza313_1_260116120306336_ACD_29095_transcripcion.json,MZA 313,16/01,80%,67,
amza313_1_260116121320552_ACD_45465_transcripcion.json,MZA 313,16/01,80%,75,
amza313_1_260116125533475_ACD_27715_transcripcion.json,MZA 313,16/01,80%,86,
amza313_1_260116133810960_MIT_01973_transcripcion.json,MZA 313,16/01,80%,768,4gb
amza314_1_260113120117482_ACD_15487_transcripcion.json,MZA 314,13/01,80%,62,
amza314_1_260113125505963_ACD_20157_transcripcion.json,MZA 314,13/01,80%,106,8gb
amza314_1_260113131953649_ACD_99637_transcripcion.json,MZA 314,13/01,80%,65,
amza314_1_260113141116735_ACD_77873_transcripcion.json,MZA 314,13/01,80%,95,
amza314_1_260113144736896_ACD_01895_transcripcion.json,MZA 314,13/01,80%,74,
amza314_1_260113145321229_ACD_22209_transcripcion.json,MZA 314,13/01,80%,134,
amza314_1_260113145720405_ACD_35765_transcripcion.json,MZA 314,13/01,80%,240,
amza314_1_260114104250603_ACD_60249_transcripcion.json,MZA 314,14/01,80%,309,
amza314_1_260114113039859_ACD_99237_transcripcion.json,MZA 314,14/01,80%,183,
amza314_1_260114114708080_ACD_50601_transcripcion.json,MZA 314,14/01,80%,83,4gb
amza314_1_260114125524123_ACD_68473_transcripcion.json,MZA 314,14/01,80%,284,
amza314_1_260114142629594_ACD_42253_transcripcion.json,MZA 314,14/01,80%,67,
amza314_1_260115135053053_ACD_78723_transcripcion.json,MZA 314,15/01,80%,94,15gb
amza314_1_260116102412854_ACD_73129_transcripcion.json,MZA 314,16/01,80%,284,4gb
amza314_1_260116115540126_ACD_07495_transcripcion.json,MZA 314,16/01,80%,64,
amza314_1_260116125247946_ACD_16611_transcripcion.json,MZA 314,16/01,80%,61,
amza314_1_260116142252871_ACD_32813_transcripcion.json,MZA 314,16/01,80%,81,
amza31_1_260113142424090_ACD_20895_transcripcion.json,MZA 31,13/01,80%,132,
amza31_1_260113145640230_ACD_33625_transcripcion.json,MZA 31,13/01,80%,93,
amza31_1_260113145904708_ACD_40817_transcripcion.json,MZA 31,13/01,80%,103,
amza31_1_260114143532159_ACD_65817_transcripcion.json,MZA 31,14/01,80%,102,
amza31_1_260115113739312_ACD_22831_transcripcion.json,MZA 31,15/01,80%,96,
amza31_1_260115134400706_MIT_01958_transcripcion.json,MZA 31,15/01,80%,1238,4gb
amza31_1_260116113955016_ACD_55443_transcripcion.json,MZA 31,16/01,80%,129,
amza31_1_260116120354368_ACD_31091_transcripcion.json,MZA 31,16/01,80%,63,
amza31_1_260116134141663_ACD_80145_transcripcion.json,MZA 31,16/01,80%,63,
amza32_1_260113103711273_MIT_01964_transcripcion.json,MZA 32,13/01,80%,585,
amza32_1_260113140003678_ACD_33605_transcripcion.json,MZA 32,13/01,80%,71,
amza32_1_260113142603323_ACD_25935_transcripcion.json,MZA 32,13/01,80%,172,
amza32_1_260113143138610_ACD_44543_transcripcion.json,MZA 32,13/01,80%,210,
amza32_1_260113143955621_ACD_72421_transcripcion.json,MZA 32,13/01,80%,75,
amza32_1_260113144646492_ACD_98557_transcripcion.json,MZA 32,13/01,80%,132,
amza32_1_260114141434206_ACD_05267_transcripcion.json,MZA 32,14/01,80%,99,
amza32_1_260115111602295_ACD_50503_transcripcion.json,MZA 32,15/01,80%,74,
amza32_1_260115113926053_ACD_29573_transcripcion.json,MZA 32,15/01,80%,825,30gb
amza32_1_260115121222573_ACD_33609_transcripcion.json,MZA 32,15/01,80%,77,
amza32_1_260115121515247_ACD_41897_transcripcion.json,MZA 32,15/01,80%,73,
amza32_1_260115121719803_ACD_47805_transcripcion.json,MZA 32,15/01,80%,141,
amza32_1_260115124233745_ACD_76871_transcripcion.json,MZA 32,15/01,80%,300,
amza32_1_260115125945502_ACD_21051_transcripcion.json,MZA 32,15/01,80%,171,
amza32_1_260115132312145_ACD_92127_transcripcion.json,MZA 32,15/01,80%,736,
amza32_1_260115134951798_ACD_75677_transcripcion.json,MZA 32,15/01,80%,63,
amza32_1_260115140048271_ACD_13229_transcripcion.json,MZA 32,15/01,80%,157,8gb
amza32_1_260115140436892_ACD_27455_transcripcion.json,MZA 32,15/01,80%,101,
amza32_1_260116103153828_ACD_04937_transcripcion.json,MZA 32,16/01,80%,69,
amza32_1_260116111256870_ACD_59337_transcripcion.json,MZA 32,16/01,80%,166,
amza32_1_260116113708311_ACD_45385_transcripcion.json,MZA 32,16/01,80%,100,
amza32_1_260116120621790_ACD_36391_transcripcion.json,MZA 32,16/01,80%,83,
amza32_1_260116121142419_ACD_42965_transcripcion.json,MZA 32,16/01,80%,125,
amza32_1_260116121430580_ACD_47373_transcripcion.json,MZA 32,16/01,80%,182,
amza32_1_260116121813997_ACD_51637_transcripcion.json,MZA 32,16/01,80%,523,4gb
amza32_1_260116134334323_ACD_86991_transcripcion.json,MZA 32,16/01,80%,107,
amza32_1_260116134609003_ACD_96397_transcripcion.json,MZA 32,16/01,80%,63,
amza32_1_260116134857850_ACD_07579_transcripcion.json,MZA 32,16/01,80%,84,
amza32_1_260116135414923_ACD_28511_transcripcion.json,MZA 32,16/01,80%,109,
amza32_1_260116142206751_ACD_30439_transcripcion.json,MZA 32,16/01,80%,72,
amza33_1_260113141440148_ACD_91121_transcripcion.json,MZA 33,13/01,80%,87,
amza33_1_260115124921518_ACD_87935_transcripcion.json,MZA 33,15/01,80%,63,
amza33_1_260115145659046_ACD_03771_transcripcion.json,MZA 33,15/01,80%,269,
amza33_1_260116120823923_ACD_39055_transcripcion.json,MZA 33,16/01,80%,67,
amza34_1_260113102909977_MIT_01989_transcripcion.json,MZA 34,13/01,80%,515,
amza34_1_260113145519963_ACD_29143_transcripcion.json,MZA 34,13/01,80%,105,
amza35_1_260113111415742_ACD_78117_transcripcion.json,MZA 35,13/01,80%,119,
amza35_1_260113112544076_ACD_13599_transcripcion.json,MZA 35,13/01,80%,76,
amza35_1_260113115902222_ACD_09441_transcripcion.json,MZA 35,13/01,80%,75,
amza35_1_260113120835985_ACD_34993_transcripcion.json,MZA 35,13/01,80%,89,
amza35_1_260113124616113_ACD_99161_transcripcion.json,MZA 35,13/01,80%,62,
amza35_1_260113124821383_ACD_02829_transcripcion.json,MZA 35,13/01,80%,100,
amza35_1_260113130125481_ACD_40317_transcripcion.json,MZA 35,13/01,80%,96,
amza35_1_260113130542521_ACD_53897_transcripcion.json,MZA 35,13/01,80%,64,
amza35_1_260113140218149_ACD_41395_transcripcion.json,MZA 35,13/01,80%,156,
amza35_1_260113143305950_ACD_49601_transcripcion.json,MZA 35,13/01,80%,95,
amza35_1_260114103510740_ACD_37391_transcripcion.json,MZA 35,14/01,80%,74,
amza35_1_260114104001787_ACD_51519_transcripcion.json,MZA 35,14/01,80%,61,
amza35_1_260114104735738_ACD_73755_transcripcion.json,MZA 35,14/01,80%,124,
amza35_1_260114105051413_ACD_83225_transcripcion.json,MZA 35,14/01,80%,234,
amza35_1_260114110211042_ACD_15701_transcripcion.json,MZA 35,14/01,80%,99,
amza35_1_260114112724039_ACD_89073_transcripcion.json,MZA 35,14/01,80%,74,
amza35_1_260114114438567_ACD_43331_transcripcion.json,MZA 35,14/01,80%,76,
amza35_1_260114115532837_ACD_70607_transcripcion.json,MZA 35,14/01,80%,65,
amza35_1_260114120221263_ACD_87257_transcripcion.json,MZA 35,14/01,80%,65,
amza35_1_260114121959114_ACD_26033_transcripcion.json,MZA 35,14/01,80%,84,
amza35_1_260114130253493_ACD_92405_transcripcion.json,MZA 35,14/01,80%,61,
amza35_1_260114132616054_ACD_63659_transcripcion.json,MZA 35,14/01,80%,163,
amza35_1_260114133612395_ACD_92835_transcripcion.json,MZA 35,14/01,80%,228,8gb
amza35_1_260114135817627_ACD_56481_transcripcion.json,MZA 35,14/01,80%,242,8gb
amza35_1_260114142945520_ACD_52101_transcripcion.json,MZA 35,14/01,80%,117,
amza35_1_260114144313723_ACD_87795_transcripcion.json,MZA 35,14/01,80%,193,
amza35_1_260115110836744_ACD_23713_transcripcion.json,MZA 35,15/01,80%,64,
amza35_1_260115111908902_ACD_60859_transcripcion.json,MZA 35,15/01,80%,230,
amza35_1_260115114827521_ACD_64267_transcripcion.json,MZA 35,15/01,80%,178,
amza35_1_260115121610561_ACD_44507_transcripcion.json,MZA 35,15/01,80%,232,8gb
amza35_1_260115131653341_ACD_73739_transcripcion.json,MZA 35,15/01,80%,80,
amza35_1_260115134925744_ACD_74267_transcripcion.json,MZA 35,15/01,80%,96,8gb
amza35_1_260115140337767_ACD_23609_transcripcion.json,MZA 35,15/01,80%,139,
amza35_1_260115144030894_ACD_52569_transcripcion.json,MZA 35,15/01,80%,138,
amza35_1_260116115253705_ACD_98617_transcripcion.json,MZA 35,16/01,80%,72,
amza35_1_260116131020361_ACD_80335_transcripcion.json,MZA 35,16/01,80%,106,
amza35_1_260116133240259_ACD_50167_transcripcion.json,MZA 35,16/01,80%,86,
amza35_1_260116133957464_ACD_74123_transcripcion.json,MZA 35,16/01,80%,89,
amza35_1_260116134151718_ACD_80907_transcripcion.json,MZA 35,16/01,80%,113,
amza35_1_260116135548359_ACD_34289_transcripcion.json,MZA 35,16/01,80%,147,8gb
amza35_1_260116141349835_ACD_02897_transcripcion.json,MZA 35,16/01,80%,73,
amza35_1_260116142110462_ACD_27755_transcripcion.json,MZA 35,16/01,80%,89,
amza35_1_260116143759253_ACD_81251_transcripcion.json,MZA 35,16/01,80%,82,
amza35_1_260116144443787_ACD_04249_transcripcion.json,MZA 35,16/01,80%,75,
amza36_1_260113125409633_ACD_17395_transcripcion.json,MZA 36,13/01,80%,99,
amza36_1_260113141825336_ACD_03233_transcripcion.json,MZA 36,13/01,80%,84,
amza36_1_260114113750195_ACD_22825_transcripcion.json,MZA 36,14/01,80%,71,
amza36_1_260114121707471_ACD_19457_transcripcion.json,MZA 36,14/01,80%,82,
amza36_1_260114130437822_ACD_98045_transcripcion.json,MZA 36,14/01,80%,116,8gb
amza36_1_260114132631130_ACD_64393_transcripcion.json,MZA 36,14/01,80%,65,4gb
amza36_1_260114140529290_ACD_77561_transcripcion.json,MZA 36,14/01,80%,93,4gb
amza36_1_260114142518297_ACD_37511_transcripcion.json,MZA 36,14/01,80%,330,4gb
amza36_1_260114143811103_ACD_72751_transcripcion.json,MZA 36,14/01,80%,717,
amza36_1_260115102108762_ACD_86837_transcripcion.json,MZA 36,15/01,80%,132,8gb
amza36_1_260115110125941_MIT_01989_transcripcion.json,MZA 36,15/01,80%,478,4gb
amza36_1_260115114940857_ACD_67629_transcripcion.json,MZA 36,15/01,80%,147,
amza36_1_260115131946869_ACD_81955_transcripcion.json,MZA 36,15/01,80%,66,
amza36_1_260115135819771_ACD_05225_transcripcion.json,MZA 36,15/01,80%,78,
amza36_1_260116104715283_ACD_68031_transcripcion.json,MZA 36,16/01,80%,65,
amza36_1_260116113141850_ACD_28033_transcripcion.json,MZA 36,16/01,80%,70,
amza36_1_260116120057719_ACD_23501_transcripcion.json,MZA 36,16/01,80%,61,
amza36_1_260116121142419_ACD_43029_transcripcion.json,MZA 36,16/01,80%,140,8gb
amza36_1_260116144110119_ACD_92127_transcripcion.json,MZA 36,16/01,80%,138,
amza39_1_260113140116923_ACD_38007_transcripcion.json,MZA 39,13/01,80%,75,
amza39_1_260113143828263_ACD_67657_transcripcion.json,MZA 39,13/01,80%,145,8gb
amza39_1_260113145034213_ACD_12829_transcripcion.json,MZA 39,13/01,80%,96,4gb
amza39_1_260114110701351_ACD_29193_transcripcion.json,MZA 39,14/01,80%,64,
amza39_1_260114144415187_ACD_90859_transcripcion.json,MZA 39,14/01,80%,66,
amza39_1_260115114215970_ACD_41381_transcripcion.json,MZA 39,15/01,80%,72,
amza39_1_260115114418437_ACD_49693_transcripcion.json,MZA 39,15/01,80%,126,
amza39_1_260116101405101_ACD_31793_transcripcion.json,MZA 39,16/01,80%,1084,4gb
amza39_1_260116114249789_ACD_66427_transcripcion.json,MZA 39,16/01,80%,81,
amza39_1_260116142303868_ACD_33493_transcripcion.json,MZA 39,16/01,80%,101,
amza3_1_260113103613297_ACD_54171_transcripcion.json,MZA 3,13/01,80%,77,
amza3_1_260113124342502_ACD_94305_transcripcion.json,MZA 3,13/01,80%,64,
amza3_1_260113124712255_ACD_00719_transcripcion.json,MZA 3,13/01,80%,79,15gb
amza3_1_260113132953286_ACD_30877_transcripcion.json,MZA 3,13/01,80%,64,
amza3_1_260114105313628_MIT_01988_transcripcion.json,MZA 3,14/01,80%,89,
amza3_1_260114115522828_ACD_70143_transcripcion.json,MZA 3,14/01,80%,63,
amza3_1_260114115647961_ACD_74119_transcripcion.json,MZA 3,14/01,80%,189,
amza3_1_260114120037920_ACD_83931_transcripcion.json,MZA 3,14/01,80%,80,
amza3_1_260114133332521_ACD_85137_transcripcion.json,MZA 3,14/01,80%,111,
amza3_1_260114140406914_ACD_73429_transcripcion.json,MZA 3,14/01,80%,98,
amza3_1_260115104909003_MIT_01971_transcripcion.json,MZA 3,15/01,80%,105,
amza3_1_260115112046268_ACD_66593_transcripcion.json,MZA 3,15/01,80%,250,
amza3_1_260115121119498_ACD_30297_transcripcion.json,MZA 3,15/01,80%,73,
amza3_1_260115130715595_ACD_44415_transcripcion.json,MZA 3,15/01,80%,102,
amza3_1_260116102313810_ACD_69273_transcripcion.json,MZA 3,16/01,80%,109,
amza3_1_260116112556198_MIT_01992_transcripcion.json,MZA 3,16/01,80%,103,
amza3_1_260116121358552_ACD_46529_transcripcion.json,MZA 3,16/01,80%,107,
amza3_1_260116125019988_ACD_08117_transcripcion.json,MZA 3,16/01,80%,61,
amza40_1_260113104056402_ACD_66855_transcripcion.json,MZA 40,13/01,80%,68,
amza40_1_260113105236187_ACD_03675_transcripcion.json,MZA 40,13/01,80%,110,
amza40_1_260113111223040_ACD_72011_transcripcion.json,MZA 40,13/01,80%,71,
amza40_1_260113111954451_ACD_96749_transcripcion.json,MZA 40,13/01,80%,130,
amza40_1_260113124409498_ACD_95121_transcripcion.json,MZA 40,13/01,80%,88,
amza40_1_260113130232587_ACD_44077_transcripcion.json,MZA 40,13/01,80%,65,
amza40_1_260113135633867_MIT_01982_transcripcion.json,MZA 40,13/01,80%,77,
amza40_1_260113143127567_ACD_43835_transcripcion.json,MZA 40,13/01,80%,64,
amza40_1_260114114259719_ACD_37747_transcripcion.json,MZA 40,14/01,80%,67,
amza40_1_260114131640384_ACD_37149_transcripcion.json,MZA 40,14/01,80%,102,15gb
amza40_1_260114134858740_ACD_28447_transcripcion.json,MZA 40,14/01,80%,68,8gb
amza40_1_260114142533419_ACD_38647_transcripcion.json,MZA 40,14/01,80%,217,8gb
amza40_1_260115110937106_ACD_27359_transcripcion.json,MZA 40,15/01,80%,152,
amza40_1_260115115309871_ACD_78617_transcripcion.json,MZA 40,15/01,80%,309,
amza40_1_260115124813342_ACD_86139_transcripcion.json,MZA 40,15/01,80%,125,
amza40_1_260115132131169_ACD_86743_transcripcion.json,MZA 40,15/01,80%,62,
amza40_1_260116102453080_ACD_75853_transcripcion.json,MZA 40,16/01,80%,84,
amza40_1_260116104807443_ACD_70663_transcripcion.json,MZA 40,16/01,80%,71,
amza40_1_260116111231741_ACD_57593_transcripcion.json,MZA 40,16/01,80%,64,
amza40_1_260116112558144_ACD_08189_transcripcion.json,MZA 40,16/01,80%,89,
amza40_1_260116121347549_ACD_46205_transcripcion.json,MZA 40,16/01,80%,118,4gb
amza40_1_260116134012478_ACD_74749_transcripcion.json,MZA 40,16/01,80%,110,
amza40_1_260116134739611_ACD_02499_transcripcion.json,MZA 40,16/01,80%,64,
amza40_1_260116140340184_ACD_63945_transcripcion.json,MZA 40,16/01,80%,61,
amza40_1_260116141102535_ACD_91099_transcripcion.json,MZA 40,16/01,80%,66,
amza40_1_260116141324689_ACD_00799_transcripcion.json,MZA 40,16/01,80%,77,
amza41_1_260113104304810_ACD_72785_transcripcion.json,MZA 41,13/01,80%,83,
amza41_1_260114132956113_ACD_74295_transcripcion.json,MZA 41,14/01,80%,76,
amza41_1_260115103402288_ACD_20969_transcripcion.json,MZA 41,15/01,80%,112,
amza41_1_260116115925263_ACD_18723_transcripcion.json,MZA 41,16/01,80%,75,
amza42_1_260113114350839_ACD_68249_transcripcion.json,MZA 42,13/01,80%,79,
amza42_1_260113115948352_ACD_11617_transcripcion.json,MZA 42,13/01,80%,160,
amza42_1_260113131513995_ACD_84765_transcripcion.json,MZA 42,13/01,80%,71,
amza42_1_260114132656258_ACD_65583_transcripcion.json,MZA 42,14/01,80%,185,
amza42_1_260114140636631_ACD_80759_transcripcion.json,MZA 42,14/01,80%,180,
amza42_1_260114142930461_ACD_51215_transcripcion.json,MZA 42,14/01,80%,114,
amza42_1_260115101517759_ACD_72457_transcripcion.json,MZA 42,15/01,80%,96,
amza42_1_260115102058754_ACD_86287_transcripcion.json,MZA 42,15/01,80%,72,
amza42_1_260115105943238_MIT_01949_transcripcion.json,MZA 42,15/01,80%,393,
amza42_1_260115113248706_MIT_01982_transcripcion.json,MZA 42,15/01,80%,147,
amza42_1_260115125742659_ACD_14013_transcripcion.json,MZA 42,15/01,80%,61,
amza42_1_260115143613595_ACD_40031_transcripcion.json,MZA 42,15/01,80%,139,
amza42_1_260116125415194_ACD_22771_transcripcion.json,MZA 42,16/01,80%,60,
amza42_1_260116132455174_ACD_26655_transcripcion.json,MZA 42,16/01,80%,210,
amza42_1_260116145225388_ACD_32531_transcripcion.json,MZA 42,16/01,80%,177,
amza42_1_260116145926943_ACD_54479_transcripcion.json,MZA 42,16/01,80%,91,
amza42_1_260116150143390_ACD_57067_transcripcion.json,MZA 42,16/01,80%,73,
amza43_1_260113130724966_ACD_59505_transcripcion.json,MZA 43,13/01,80%,506,
amza43_1_260113132339471_ACD_11635_transcripcion.json,MZA 43,13/01,80%,125,4gb
amza43_1_260113135031052_ACD_98747_transcripcion.json,MZA 43,13/01,80%,73,
amza43_1_260113145625203_ACD_32761_transcripcion.json,MZA 43,13/01,80%,135,
amza43_1_260114102954613_MIT_01980_transcripcion.json,MZA 43,14/01,80%,438,
amza43_1_260114111251768_ACD_45539_transcripcion.json,MZA 43,14/01,80%,413,
amza43_1_260114125753060_ACD_76185_transcripcion.json,MZA 43,14/01,80%,92,
amza43_1_260115110011697_ACD_94265_transcripcion.json,MZA 43,15/01,80%,287,
amza43_1_260115120810912_ACD_22037_transcripcion.json,MZA 43,15/01,80%,356,
amza43_1_260115145811408_ACD_06735_transcripcion.json,MZA 43,15/01,80%,147,
amza43_1_260116101237476_ACD_27067_transcripcion.json,MZA 43,16/01,80%,90,
amza43_1_260116103440566_ACD_17081_transcripcion.json,MZA 43,16/01,80%,203,
amza43_1_260116113933901_ACD_53887_transcripcion.json,MZA 43,16/01,80%,81,
amza43_1_260116115616282_ACD_08973_transcripcion.json,MZA 43,16/01,80%,190,
amza43_1_260116121440600_ACD_47611_transcripcion.json,MZA 43,16/01,80%,198,4gb
amza43_1_260116134614022_ACD_96961_transcripcion.json,MZA 43,16/01,80%,101,8gb
amza43_1_260116140012658_ACD_50709_transcripcion.json,MZA 43,16/01,80%,64,
amza43_1_260116141501368_ACD_07771_transcripcion.json,MZA 43,16/01,80%,141,4gb
amza43_1_260116143253677_ACD_64589_transcripcion.json,MZA 43,16/01,80%,119,
amza44_1_260113104730893_ACD_86353_transcripcion.json,MZA 44,13/01,80%,126,4gb
amza44_1_260113110510068_ACD_45579_transcripcion.json,MZA 44,13/01,80%,64,
amza44_1_260113121505737_ACD_55087_transcripcion.json,MZA 44,13/01,80%,87,
amza44_1_260113125649305_ACD_25995_transcripcion.json,MZA 44,13/01,80%,232,4gb
amza44_1_260113133154883_ACD_37481_transcripcion.json,MZA 44,13/01,80%,130,8gb
amza44_1_260113133532055_ACD_49571_transcripcion.json,MZA 44,13/01,80%,79,4gb
amza44_1_260113134148468_ACD_71721_transcripcion.json,MZA 44,13/01,80%,507,
amza44_1_260113135204353_ACD_04179_transcripcion.json,MZA 44,13/01,80%,139,
amza44_1_260113135518476_ACD_15261_transcripcion.json,MZA 44,13/01,80%,77,
amza44_1_260113143955621_ACD_72435_transcripcion.json,MZA 44,13/01,80%,122,
amza44_1_260113145256129_ACD_20595_transcripcion.json,MZA 44,13/01,80%,82,
amza44_1_260114105214783_ACD_87147_transcripcion.json,MZA 44,14/01,80%,166,
amza44_1_260114105724935_ACD_02061_transcripcion.json,MZA 44,14/01,80%,63,
amza44_1_260114113810295_ACD_23733_transcripcion.json,MZA 44,14/01,80%,135,
amza44_1_260114125124204_ACD_58253_transcripcion.json,MZA 44,14/01,80%,68,
amza44_1_260114125423991_ACD_65603_transcripcion.json,MZA 44,14/01,80%,61,
amza44_1_260114130034125_ACD_85079_transcripcion.json,MZA 44,14/01,80%,226,8gb
amza44_1_260114131447891_ACD_31439_transcripcion.json,MZA 44,14/01,80%,84,8gb
amza44_1_260114131948190_ACD_45727_transcripcion.json,MZA 44,14/01,80%,107,
amza44_1_260114140404222_MIT_01990_transcripcion.json,MZA 44,14/01,80%,139,
amza44_1_260116112913987_ACD_20311_transcripcion.json,MZA 44,16/01,80%,85,
amza44_1_260116114705104_MIT_01961_transcripcion.json,MZA 44,16/01,80%,98,
amza44_1_260116115951331_ACD_20087_transcripcion.json,MZA 44,16/01,80%,126,
amza44_1_260116140507085_ACD_69305_transcripcion.json,MZA 44,16/01,80%,152,
amza44_1_260116141137792_ACD_93633_transcripcion.json,MZA 44,16/01,80%,130,
amza45_1_260113142046191_ACD_10627_transcripcion.json,MZA 45,13/01,80%,82,
amza45_1_260115131141366_ACD_57631_transcripcion.json,MZA 45,15/01,80%,62,
amza45_1_260115132804620_ACD_05635_transcripcion.json,MZA 45,15/01,80%,65,
amza4_1_260113102955796_ACD_35549_transcripcion.json,MZA 4,13/01,80%,121,
amza4_1_260113104619677_ACD_82435_transcripcion.json,MZA 4,13/01,80%,84,
amza4_1_260113111551522_ACD_83499_transcripcion.json,MZA 4,13/01,80%,84,4gb
amza4_1_260113115758096_ACD_06015_transcripcion.json,MZA 4,13/01,80%,88,8gb
amza4_1_260113121254031_ACD_48089_transcripcion.json,MZA 4,13/01,80%,212,
amza4_1_260113121907892_ACD_67663_transcripcion.json,MZA 4,13/01,80%,170,4gb
amza4_1_260113131700809_ACD_90465_transcripcion.json,MZA 4,13/01,80%,140,
amza4_1_260113133901907_ACD_61351_transcripcion.json,MZA 4,13/01,80%,131,
amza4_1_260113134723680_MIT_01969_transcripcion.json,MZA 4,13/01,80%,100,
amza4_1_260113140304239_ACD_44231_transcripcion.json,MZA 4,13/01,80%,141,
amza4_1_260113143515485_ACD_57425_transcripcion.json,MZA 4,13/01,80%,68,
amza4_1_260113145655307_ACD_34593_transcripcion.json,MZA 4,13/01,80%,68,
amza4_1_260114103834522_ACD_46973_transcripcion.json,MZA 4,14/01,80%,224,
amza4_1_260114104604363_ACD_69755_transcripcion.json,MZA 4,14/01,80%,72,
amza4_1_260114105536481_ACD_97277_transcripcion.json,MZA 4,14/01,80%,109,8gb
amza4_1_260114110414691_ACD_21229_transcripcion.json,MZA 4,14/01,80%,69,
amza4_1_260114110734707_MIT_01973_transcripcion.json,MZA 4,14/01,80%,383,
amza4_1_260114112406557_ACD_78671_transcripcion.json,MZA 4,14/01,80%,68,
amza4_1_260114115501777_ACD_69435_transcripcion.json,MZA 4,14/01,80%,65,
amza4_1_260114130212212_ACD_90407_transcripcion.json,MZA 4,14/01,80%,103,
amza4_1_260114142300711_ACD_30373_transcripcion.json,MZA 4,14/01,80%,250,8gb
amza4_1_260114143653683_ACD_69345_transcripcion.json,MZA 4,14/01,80%,390,8gb
amza4_1_260115103113941_MIT_01955_transcripcion.json,MZA 4,15/01,80%,87,
amza4_1_260115103508596_ACD_23727_transcripcion.json,MZA 4,15/01,80%,75,
amza4_1_260115104123285_MIT_01988_transcripcion.json,MZA 4,15/01,80%,93,
amza4_1_260115105642784_ACD_83797_transcripcion.json,MZA 4,15/01,80%,214,
amza4_1_260115110059000_ACD_96487_transcripcion.json,MZA 4,15/01,80%,63,
amza4_1_260115111336003_MIT_01977_transcripcion.json,MZA 4,15/01,80%,77,
amza4_1_260115111705419_ACD_54401_transcripcion.json,MZA 4,15/01,80%,65,
amza4_1_260115124238763_ACD_76967_transcripcion.json,MZA 4,15/01,80%,283,8gb
amza4_1_260115133104065_ACD_14637_transcripcion.json,MZA 4,15/01,80%,74,
amza4_1_260115133412628_MIT_01997_transcripcion.json,MZA 4,15/01,80%,83,
amza4_1_260115133639926_ACD_32683_transcripcion.json,MZA 4,15/01,80%,259,
amza4_1_260116103902531_ACD_35461_transcripcion.json,MZA 4,16/01,80%,75,
amza4_1_260116104601117_ACD_62735_transcripcion.json,MZA 4,16/01,80%,73,
amza4_1_260116120434498_ACD_32911_transcripcion.json,MZA 4,16/01,80%,93,
amza4_1_260116120931140_ACD_40291_transcripcion.json,MZA 4,16/01,80%,86,8gb
amza4_1_260116124035232_ACD_77479_transcripcion.json,MZA 4,16/01,80%,86,
amza4_1_260116124250941_ACD_84289_transcripcion.json,MZA 4,16/01,80%,88,
amza4_1_260116133425719_ACD_55147_transcripcion.json,MZA 4,16/01,80%,65,
amza4_1_260116133750101_MIT_01949_transcripcion.json,MZA 4,16/01,80%,149,
amza4_1_260116135356429_MIT_01987_transcripcion.json,MZA 4,16/01,80%,157,
amza4_1_260116140129190_ACD_55661_transcripcion.json,MZA 4,16/01,80%,65,
amza4_1_260116140500882_MIT_01976_transcripcion.json,MZA 4,16/01,80%,171,
amza4_1_260116142440247_ACD_38037_transcripcion.json,MZA 4,16/01,80%,122,
amza4_1_260116143439929_MIT_01958_transcripcion.json,MZA 4,16/01,80%,63,
amza5_1_260113104227678_ACD_71277_transcripcion.json,MZA 5,13/01,80%,185,
amza5_1_260113130628644_ACD_56345_transcripcion.json,MZA 5,13/01,80%,77,
amza5_1_260113131306436_ACD_77519_transcripcion.json,MZA 5,13/01,80%,65,
amza5_1_260113132131892_ACD_04615_transcripcion.json,MZA 5,13/01,80%,254,4gb
amza5_1_260113133129697_ACD_36181_transcripcion.json,MZA 5,13/01,80%,135,
amza5_1_260113134849920_ACD_93195_transcripcion.json,MZA 5,13/01,80%,132,
amza5_1_260113135502398_ACD_13993_transcripcion.json,MZA 5,13/01,80%,94,8gb
amza5_1_260114101149764_ACD_78167_transcripcion.json,MZA 5,14/01,80%,97,
amza5_1_260114144634190_ACD_98889_transcripcion.json,MZA 5,14/01,80%,525,8gb
amza5_1_260115101926428_ACD_82461_transcripcion.json,MZA 5,15/01,80%,156,
amza5_1_260115110246636_ACD_02579_transcripcion.json,MZA 5,15/01,80%,72,
amza5_1_260115113247138_ACD_08005_transcripcion.json,MZA 5,15/01,80%,107,4gb
amza5_1_260115113525676_ACD_15759_transcripcion.json,MZA 5,15/01,80%,70,8gb
amza5_1_260115114236062_ACD_42925_transcripcion.json,MZA 5,15/01,80%,74,
amza5_1_260115115234685_ACD_76861_transcripcion.json,MZA 5,15/01,80%,68,
amza5_1_260115131030104_ACD_54395_transcripcion.json,MZA 5,15/01,80%,62,
amza5_1_260115140456988_ACD_28609_transcripcion.json,MZA 5,15/01,80%,77,
amza5_1_260115141152769_ACD_56191_transcripcion.json,MZA 5,15/01,80%,65,
amza5_1_260115144244373_ACD_59679_transcripcion.json,MZA 5,15/01,80%,64,
amza6_1_260113132853031_ACD_28101_transcripcion.json,MZA 6,13/01,80%,77,
amza6_1_260114104132707_MIT_01971_transcripcion.json,MZA 6,14/01,80%,125,
amza6_1_260114110236176_ACD_16771_transcripcion.json,MZA 6,14/01,80%,91,
amza6_1_260114134449525_ACD_16431_transcripcion.json,MZA 6,14/01,80%,221,
amza6_1_260115113140807_ACD_04543_transcripcion.json,MZA 6,15/01,80%,193,
amza6_1_260115132029864_ACD_83655_transcripcion.json,MZA 6,15/01,80%,70,
amza6_1_260115135343723_ACD_87719_transcripcion.json,MZA 6,15/01,80%,85,
amza6_1_260115141114713_ACD_54113_transcripcion.json,MZA 6,15/01,80%,565,
amza6_1_260115145313304_ACD_92023_transcripcion.json,MZA 6,15/01,80%,62,
amza6_1_260116132121257_ACD_15579_transcripcion.json,MZA 6,16/01,80%,77,
amza6_1_260116132854267_ACD_39421_transcripcion.json,MZA 6,16/01,80%,376,
amza6_1_260116134934901_ACD_10205_transcripcion.json,MZA 6,16/01,80%,65,
amza72_1_260113105242181_ACD_03925_transcripcion.json,MZA 72,13/01,80%,108,
amza72_1_260113120117482_ACD_15525_transcripcion.json,MZA 72,13/01,80%,111,
amza72_1_260113125913980_ACD_33899_transcripcion.json,MZA 72,13/01,80%,84,
amza72_1_260113132606914_MIT_01951_transcripcion.json,MZA 72,13/01,80%,162,8gb
amza72_1_260113135555039_MIT_01967_transcripcion.json,MZA 72,13/01,80%,120,8gb
amza72_1_260114131003127_ACD_16021_transcripcion.json,MZA 72,14/01,80%,109,
amza72_1_260114132527851_ACD_61473_transcripcion.json,MZA 72,14/01,80%,69,
amza72_1_260114135108247_ACD_35393_transcripcion.json,MZA 72,14/01,80%,222,
amza72_1_260115103529707_ACD_24809_transcripcion.json,MZA 72,15/01,80%,111,
amza72_1_260115105915524_ACD_91619_transcripcion.json,MZA 72,15/01,80%,93,
amza72_1_260115115655503_MIT_01979_transcripcion.json,MZA 72,15/01,80%,123,
amza72_1_260115124320050_ACD_77987_transcripcion.json,MZA 72,15/01,80%,60,
amza72_1_260115132554206_ACD_99523_transcripcion.json,MZA 72,15/01,80%,67,8gb
amza72_1_260115134727309_ACD_67943_transcripcion.json,MZA 72,15/01,80%,67,
amza72_1_260115145842466_ACD_08163_transcripcion.json,MZA 72,15/01,80%,65,
amza72_1_260116105554039_ACD_98341_transcripcion.json,MZA 72,16/01,80%,153,4gb
amza72_1_260116120112842_ACD_24157_transcripcion.json,MZA 72,16/01,80%,142,
amza72_1_260116120921133_ACD_40105_transcripcion.json,MZA 72,16/01,80%,64,
amza72_1_260116131747079_ACD_04071_transcripcion.json,MZA 72,16/01,80%,84,
amza72_1_260116132738828_ACD_35249_transcripcion.json,MZA 72,16/01,80%,112,
amza72_1_260116133703439_ACD_63827_transcripcion.json,MZA 72,16/01,80%,63,
amza72_1_260116134359437_ACD_88395_transcripcion.json,MZA 72,16/01,80%,92,
amza72_1_260116141233426_ACD_97373_transcripcion.json,MZA 72,16/01,80%,116,8gb
amza72_1_260116143303765_ACD_64999_transcripcion.json,MZA 72,16/01,80%,64,
amza72_1_260116181157179_MIT_01978_transcripcion.json,MZA 72,16/01,80%,97,
amza73_1_260113110731339_ACD_54323_transcripcion.json,MZA 73,13/01,80%,201,
amza73_1_260113111223040_ACD_72135_transcripcion.json,MZA 73,13/01,80%,244,
amza73_1_260113131418662_ACD_82049_transcripcion.json,MZA 73,13/01,80%,60,
amza73_1_260113134238616_ACD_74417_transcripcion.json,MZA 73,13/01,80%,275,
amza73_1_260113143235815_ACD_47617_transcripcion.json,MZA 73,13/01,80%,229,
amza73_1_260113145241036_ACD_19865_transcripcion.json,MZA 73,13/01,80%,294,
amza73_1_260114131442857_ACD_31077_transcripcion.json,MZA 73,14/01,80%,140,
amza73_1_260114133316521_ACD_84393_transcripcion.json,MZA 73,14/01,80%,114,
amza73_1_260114144552730_ACD_96531_transcripcion.json,MZA 73,14/01,80%,73,
amza73_1_260114145440678_ACD_25339_transcripcion.json,MZA 73,14/01,80%,133,
amza73_1_260115101637002_ACD_75313_transcripcion.json,MZA 73,15/01,80%,64,
amza73_1_260115114710159_ACD_60325_transcripcion.json,MZA 73,15/01,80%,89,
amza73_1_260115133507366_ACD_27431_transcripcion.json,MZA 73,15/01,80%,82,
amza73_1_260115140421817_ACD_26281_transcripcion.json,MZA 73,15/01,80%,338,8gb
amza73_1_260115145511791_ACD_98827_transcripcion.json,MZA 73,15/01,80%,102,4gb
amza73_1_260115145719158_ACD_04507_transcripcion.json,MZA 73,15/01,80%,65,
amza73_1_260115145913524_ACD_09677_transcripcion.json,MZA 73,15/01,80%,70,
amza73_1_260116111221745_MIT_01992_transcripcion.json,MZA 73,16/01,80%,74,
amza73_1_260116130106117_ACD_49043_transcripcion.json,MZA 73,16/01,80%,65,
amza73_1_260116131233933_ACD_86923_transcripcion.json,MZA 73,16/01,80%,118,
amza73_1_260116134146685_ACD_80383_transcripcion.json,MZA 73,16/01,80%,175,
amza73_1_260116134709429_ACD_00459_transcripcion.json,MZA 73,16/01,80%,168,
amza73_1_260116141223337_ACD_96679_transcripcion.json,MZA 73,16/01,80%,79,
amza74_1_260113110842539_ACD_58797_transcripcion.json,MZA 74,13/01,80%,119,
amza74_1_260113120227600_ACD_18819_transcripcion.json,MZA 74,13/01,80%,212,
amza74_1_260113120959233_ACD_38749_transcripcion.json,MZA 74,13/01,80%,317,
amza74_1_260113121934009_ACD_68921_transcripcion.json,MZA 74,13/01,80%,201,
amza74_1_260113125404628_ACD_17147_transcripcion.json,MZA 74,13/01,80%,649,
amza74_1_260113141830360_ACD_03465_transcripcion.json,MZA 74,13/01,80%,64,
amza74_1_260113143531567_ACD_58123_transcripcion.json,MZA 74,13/01,80%,63,
amza74_1_260114104519248_ACD_67691_transcripcion.json,MZA 74,14/01,80%,173,8gb
amza74_1_260114105906268_ACD_07021_transcripcion.json,MZA 74,14/01,80%,135,
amza74_1_260114110853523_ACD_34787_transcripcion.json,MZA 74,14/01,80%,155,
amza74_1_260114115259373_ACD_64951_transcripcion.json,MZA 74,14/01,80%,61,
amza74_1_260114115800228_ACD_77259_transcripcion.json,MZA 74,14/01,80%,65,
amza74_1_260114120258333_ACD_88739_transcripcion.json,MZA 74,14/01,80%,92,
amza74_1_260114121612225_ACD_17369_transcripcion.json,MZA 74,14/01,80%,75,
amza74_1_260115105759195_ACD_87411_transcripcion.json,MZA 74,15/01,80%,76,8gb
amza74_1_260115110042904_ACD_95759_transcripcion.json,MZA 74,15/01,80%,90,
amza74_1_260115112057724_MIT_01984_transcripcion.json,MZA 74,15/01,80%,77,
amza74_1_260115121535375_ACD_42827_transcripcion.json,MZA 74,15/01,80%,133,
amza74_1_260115131832737_ACD_78555_transcripcion.json,MZA 74,15/01,80%,112,
amza74_1_260115132252114_ACD_90995_transcripcion.json,MZA 74,15/01,80%,275,
amza74_1_260116125340119_ACD_20173_transcripcion.json,MZA 74,16/01,80%,258,
amza74_1_260116135927445_ACD_47641_transcripcion.json,MZA 74,16/01,80%,63,
amza74_1_260116141832055_ACD_19735_transcripcion.json,MZA 74,16/01,80%,63,
amza76_1_260116181733882_MIT_01972_transcripcion.json,MZA 76,16/01,80%,118,
amza8_1_260114101639477_ACD_92021_transcripcion.json,MZA 8,14/01,80%,88,
amza8_1_260114105627665_ACD_99537_transcripcion.json,MZA 8,14/01,80%,140,
amza8_1_260114110440842_ACD_22339_transcripcion.json,MZA 8,14/01,80%,185,
amza8_1_260114114331738_ACD_39583_transcripcion.json,MZA 8,14/01,80%,131,8gb
amza8_1_260114114620954_ACD_48375_transcripcion.json,MZA 8,14/01,80%,63,
amza8_1_260114120334509_ACD_89907_transcripcion.json,MZA 8,14/01,80%,225,
amza8_1_260114121102126_ACD_06067_transcripcion.json,MZA 8,14/01,80%,95,
amza8_1_260114121449964_ACD_14479_transcripcion.json,MZA 8,14/01,80%,79,
amza8_1_260114131746599_ACD_40297_transcripcion.json,MZA 8,14/01,80%,272,8gb
amza8_1_260114134858740_ACD_28389_transcripcion.json,MZA 8,14/01,80%,395,
amza8_1_260114135921800_MIT_01988_transcripcion.json,MZA 8,14/01,80%,227,
amza8_1_260115110906910_ACD_25649_transcripcion.json,MZA 8,15/01,80%,98,
amza8_1_260115120000912_ACD_00831_transcripcion.json,MZA 8,15/01,80%,181,8gb
amza8_1_260115121023325_ACD_27431_transcripcion.json,MZA 8,15/01,80%,141,8gb
amza8_1_260115125808810_ACD_15825_transcripcion.json,MZA 8,15/01,80%,850,4gb
amza8_1_260115134110806_ACD_47299_transcripcion.json,MZA 8,15/01,80%,246,
amza8_1_260115142859877_ACD_13855_transcripcion.json,MZA 8,15/01,80%,66,
amza8_1_260115143245872_ACD_28609_transcripcion.json,MZA 8,15/01,80%,79,
amza8_1_260115144102769_MIT_01978_transcripcion.json,MZA 8,15/01,80%,98,4gb
amza8_1_260115144727251_ACD_74267_transcripcion.json,MZA 8,15/01,80%,111,
amza8_1_260115145847469_ACD_08527_transcripcion.json,MZA 8,15/01,80%,140,
amza8_1_260115150841441_MIT_01990_transcripcion.json,MZA 8,15/01,80%,528,
amza8_1_260116112324415_ACD_98649_transcripcion.json,MZA 8,16/01,80%,69,
amza8_1_260116121752930_ACD_51335_transcripcion.json,MZA 8,16/01,80%,136,8gb
amza8_1_260116125237907_ACD_15981_transcripcion.json,MZA 8,16/01,80%,95,
amza8_1_260116125938565_ACD_43589_transcripcion.json,MZA 8,16/01,80%,97,8gb
amza8_1_260116131310953_ACD_88939_transcripcion.json,MZA 8,16/01,80%,102,
amza8_1_260116132050139_ACD_14027_transcripcion.json,MZA 8,16/01,80%,73,
amza8_1_260116143232673_ACD_63275_transcripcion.json,MZA 8,16/01,80%,88,
amza8_1_260116144652602_ACD_12641_transcripcion.json,MZA 8,16/01,80%,101,
amza9_1_260113104356103_ACD_75101_transcripcion.json,MZA 9,13/01,80%,108,
amza9_1_260113124729258_ACD_01053_transcripcion.json,MZA 9,13/01,80%,68,
amza9_1_260113131821241_ACD_94561_transcripcion.json,MZA 9,13/01,80%,119,
amza9_1_260113133034497_ACD_33261_transcripcion.json,MZA 9,13/01,80%,123,
amza9_1_260113134727771_ACD_89665_transcripcion.json,MZA 9,13/01,80%,226,8gb
amza9_1_260113145532945_MIT_01964_transcripcion.json,MZA 9,13/01,80%,1042,
amza9_1_260113151515352_MIT_01989_transcripcion.json,MZA 9,13/01,80%,488,
amza9_1_260113153541805_MIT_01987_transcripcion.json,MZA 9,13/01,80%,117,
amza9_1_260114113820317_ACD_24107_transcripcion.json,MZA 9,14/01,80%,411,4gb
amza9_1_260114143016630_ACD_53557_transcripcion.json,MZA 9,14/01,80%,84,
amza9_1_260114144507472_ACD_93769_transcripcion.json,MZA 9,14/01,80%,234,8gb
amza9_1_260114145009198_ACD_10739_transcripcion.json,MZA 9,14/01,80%,80,
amza9_1_260115112016118_ACD_64753_transcripcion.json,MZA 9,15/01,80%,83,
amza9_1_260115112459081_MIT_01943_transcripcion.json,MZA 9,15/01,80%,71,
amza9_1_260115114403392_ACD_48933_transcripcion.json,MZA 9,15/01,80%,112,
amza9_1_260115124314999_ACD_77933_transcripcion.json,MZA 9,15/01,80%,66,8gb
amza9_1_260115132932037_ACD_09937_transcripcion.json,MZA 9,15/01,80%,81,
